,0,1,2,3,4,5,6,7,8,9
0,-0.8890012630446142,0.0,-1.6405885117885568,0.0965008045626737,0.55155600012752,-0.21670833972378845,-0.12469790583645221,-1.0006812948805317,-1.4202168667966748,-0.4873639759806594
1,7.195729111192236,1.0,0.2346742509708926,-0.31591658249769655,1.8008646394731689,1.3718581594631338,0.8610428317919775,-0.4816016548871021,1.6623245109129259,-0.07039562890656043
2,0.832982731420433,0.0,-0.5049195325233492,-0.16543668703819817,-0.1445296522085258,-1.0563367742928422,-0.2206818804828874,0.5085554806725725,-0.43062070064931435,0.9738263891500624
3,7.893360938081178,1.0,-0.1701260165737593,0.905632507632418,0.2083187173406146,0.9433475075004003,-0.21679606181811412,0.7876103312294358,-0.5486403167534566,-0.5985962536199692
4,9.698344931433386,1.0,-1.9601130609007467,-1.8752228186054742,-1.3878358944011688,-1.0184009687407967,-1.8965714901467878,-1.7992596106963594,-2.0340577277785163,-0.3903990578841877
5,8.611430474055489,1.0,2.328197440912358,0.9933882324734666,2.4190986153565057,2.639109608696799,1.385766994796271,1.7537854063854426,1.3812655758947823,0.7621533135906937
6,9.17412619705957,1.0,0.9731588492594273,0.2882498483167441,1.453156560789469,1.2479046355011671,0.7848934589589556,1.6426703747529572,2.0053568662791825,1.6767963541208775
7,-0.14944460001434462,0.0,-0.6558762349767381,0.8628141920055455,-0.031158207349429777,0.3055847377647075,0.1063793892790959,-0.1564615000022246,0.7995047501033157,1.4845426326242788
8,-0.31036449933664495,0.0,-0.2420233666686687,0.05511778575482814,-0.1502908860819944,-0.5560116517681979,-0.46710861614742966,0.23067507998175218,-0.18026385438485015,0.41836376796688096
9,1.2912944760003093,0.0,1.373977039706892,1.3805995892105427,1.9292752189119948,1.790436498565295,1.0791661465793936,0.03632256112898419,0.5716102933862356,1.3033506892266788
10,7.319632820938266,1.0,0.06020914019324662,0.20689202481482188,0.34517497968701233,0.657216776774649,0.7634350915771391,0.5372338570629117,-1.014383459775812,0.475257107903405
11,7.991683554293515,1.0,0.4752127582484047,0.3419929899677755,1.5993811660898283,1.1106466573701992,0.9201716545574958,0.430925252887206,0.6694085949948044,0.9638939352444439
12,-1.4461325738945767,0.0,0.9046904013878583,-0.6473364045425728,-2.354919889683877,-0.006481475794133882,-0.33052807295156145,0.3757381293001718,-2.189670057573807,-1.7364019361693566
13,0.5620028951623062,0.0,2.1739743044735818,0.23175860881227045,0.9764724124595459,-0.29574887919018067,1.4632515480418065,1.0860151352235357,1.1324176140503426,1.7332739765060188
14,0.23532179467864353,0.0,-1.4822146013138986,-0.43160309725756707,-0.38496306345613546,-2.4993762701504494,-0.6319464494913762,-0.6974274742719275,-1.4893697748656802,-1.260569661113132
15,8.16983275988531,1.0,0.3978641199111764,1.5956226988960753,1.109993538018902,2.1483828644451037,0.853522752451066,0.6045936535322133,0.9790457167545974,1.3190683346835992
16,1.5809831270414034,0.0,0.4386471874880523,0.9520078160062065,0.5942236815235172,1.7838638580785993,0.2873487124661419,-1.1244380498916104,-0.004414507418327966,0.838656266052778
17,7.135646089959858,1.0,-1.07324947768858,0.03862214177889181,-0.4714039646295791,-0.4996559590169831,-0.6571368459958978,-0.4575232176038325,0.5519945437637834,-0.6724339279069681
18,-1.054865585008139,0.0,-0.014965483228459626,-0.39171006091152577,-0.15672763901844364,1.0968839071213343,-0.5253931772693936,-0.6356715886178358,0.41340450841852133,-0.110701133396398
19,0.7624340217177432,0.0,-0.5116034419723896,0.21657600045395092,-0.7430661950880108,2.890589842484968,2.1218780772929655,-0.1417613058447757,0.5496623222289516,0.2667399423771307
20,7.898920900038554,1.0,-3.4487655930778716,-1.4353353973897356,-1.6102563891402835,-2.4015603847194704,-1.8355509106791699,-1.2369558672326408,-2.2394681520414976,-2.4375522264626
21,0.08925552711582223,0.0,-1.5874729496096693,-0.9914185606265637,-1.8663394395103583,-1.8731670843991781,-0.9445094370091283,-1.563827696143853,-1.1321096104436317,-2.099935868102037
22,8.794466878771646,1.0,0.9195478440179868,1.64630994702638,0.5766360748359304,1.9835614596747742,2.142197690440479,2.621432544975237,0.36992781585245177,0.9274818915438013
23,7.430882702077054,1.0,1.0238720148423324,0.8856298605192041,0.896764247543887,1.932674007926899,1.2417305342181792,0.1316798399779664,1.6838503536147313,-0.012677681421911204
24,8.505160262372321,1.0,0.10291980305745842,0.6828464412763311,0.4872575577507224,-0.3361762288840654,0.3552766420331991,-1.2027696299998896,0.26462077293489444,-0.8933565669360979
25,9.08630489586523,1.0,-0.7108370409278878,-0.653122022925922,-0.0968801693108505,-0.48921007981917475,-0.7667492406102107,-0.7505926095162107,-0.3457029085380015,-0.48631610787525886
26,-0.2512335651073042,0.0,-0.6536003512992273,-0.6832641968731656,0.17860651617276652,-0.7302681926852702,-0.018157299232293724,-1.7221193903656407,-0.021591586817914996,-0.07102723824633261
27,1.2173234921721363,0.0,-1.0406016944053003,-1.4031256950100157,-1.0182609764043362,-0.30840521315095043,-1.318533506098756,-1.3140634276725558,-0.5330787070929726,-1.731353456589067
28,0.2573681149485693,0.0,-2.3212183267746616,-2.266688483781769,-2.5417938657657495,-1.2630190451948562,-1.8048175215873852,-2.5519737420715205,-1.3910220411422811,-1.6956819102727994
29,9.550448808706388,1.0,-1.544799163715358,-1.3959487868598262,-4.309029743114862,-0.3385356293757115,-1.6005453007763109,-3.080978858113322,-1.5267746104024809,-1.528725055364741
30,-0.2366472367508372,0.0,1.2849809065454743,-0.38870566718743205,-0.42815502420412993,-1.50999012321288,-0.11942016190024687,0.33204872293626275,0.8123974659273512,0.9348879404010964
31,8.592923931795179,1.0,0.3073349230986305,0.4447590427174258,-0.674252034407468,0.22299092662729386,-0.951101752802913,0.9379906474768852,1.2788021918978691,0.7602537350625033
32,3.0484791705493075,0.0,0.8278924903569513,0.6012403503050121,-1.739580422154003,-0.46776567454118834,0.17264364751664202,-0.31208906887302845,-0.6748530000101755,-0.6773126931044381
33,9.369250498138177,1.0,0.2690753114970437,1.056583945945912,0.32379851809156984,1.5025818611147543,1.292204979000665,1.1927699514352894,0.5182686311631983,0.8926992039331729
34,0.7540594191165176,0.0,0.7167117266267048,1.8510693039322657,3.578039020631154,2.3084922909662677,1.6748087768291502,2.833571342979313,1.688891736219768,1.6119502419615213
35,9.103320316914559,1.0,1.3136059934635034,0.8729651234769831,1.3275914978976087,1.142422344881652,0.955575936657067,-0.4185075813184905,-0.6967551067559634,0.4821216249334316
36,2.6549584026176207,0.0,1.586977131655525,0.5561839177340375,0.8698515115414259,-0.36370547159605393,1.6267458023267392,2.8999935423459435,0.7521101102958371,0.7342724509281726
37,7.024743227645085,1.0,0.007646226200032608,0.3390301329774178,-0.4045077135267015,1.3349765292049947,0.5777362238641245,-0.6071027660988644,-1.2611812850189001,-0.5135458278820765
38,8.172779471532284,1.0,2.584135283901037,1.0869304782990181,0.9093048067609776,0.6967270455040596,1.229696444037617,1.7292708405476196,1.464377865816344,0.6825800620998004
39,0.9165733206954831,0.0,0.2552453887721668,0.6402251273761541,1.2775750621388848,-0.2701711990742842,0.6420707940699908,1.4878355205265037,1.4857238684072545,1.4708226784213825
40,8.703551553438238,1.0,-0.4229771357006767,-0.8892556571071746,-0.7795195029441715,-0.3804988151233743,-0.13531854565569185,0.4566342424479576,-0.7887174804614918,-0.04662375916875912
41,1.451753959866286,0.0,1.640663630803133,-0.24291428344982272,0.0036757183571667837,-0.31978995209591976,-0.2356280816534788,-1.011210903050054,-1.0645978752750902,-1.5591943778699442
42,1.200563139969141,0.0,0.006644564604967268,1.3326971732750519,0.4540163529099386,0.3777728915831931,0.7466520994838787,1.0215265734579366,0.2538124957312145,0.4628596317915516
43,0.7102952036427016,0.0,1.7925922223113657,1.6954529179286864,2.594626133473758,2.0514525953920506,1.3086812148103537,0.544703231275038,1.5414063426006452,0.7521220468442321
44,-0.16969393454896467,0.0,0.8900532218584934,0.05085509049839578,1.8161064148487416,0.29635735612284203,-0.13563667065497628,1.1568390475590937,-0.5547133863747161,-0.017097043196052264
45,7.608288345814926,1.0,0.8268296253118591,-0.4426985649601063,0.030213638162539334,1.5808341208087797,1.1017134391631647,0.04236715704572455,2.3132338742939837,-0.3030508749447191
46,7.650421143724345,1.0,0.17416848907882693,0.4711258690541837,-0.9684952620983248,-0.20505338879260615,-0.650723103518261,0.1136773068174628,0.8030215846531042,-0.012834303842804956
47,9.1782402713641,1.0,0.16198916679627745,0.4314004879549733,-1.0327887918638086,-1.0819195901738274,-1.0314946224798205,-0.8101402504197474,1.21696964752649,-0.2262241965420663
48,7.3298074531073345,1.0,-0.12559860063511738,0.07859361932926666,-1.0782425916275227,-0.056896246342631775,-0.2942301592488266,-0.18893965052363848,1.3198499755367852,0.49395073511087306
49,7.633651261885238,1.0,-0.9715861899073197,-0.7515982317916343,-0.6654487633949754,-2.064897432859301,-0.9650128485003469,-2.011145478883922,-0.45543942944468085,0.2059510507114042
50,0.22970461681137444,0.0,1.3408962072076587,0.5628565440180378,-0.03302248518648658,0.05623976041315501,0.13120741293887117,-0.9743930758493053,-0.10056180341918408,0.43119886661125056
51,0.6552227530637345,0.0,3.1434245149726063,2.156104301913605,1.4388998679997793,2.2257679765981426,1.873207145944027,1.2295344303817215,2.4208148917156778,2.884065721331365
52,7.986787355659161,1.0,1.6406411161163001,-0.9843720936294533,-0.06342114799490907,0.17139163014121997,-0.14288827954795408,-0.2283800599028898,-0.01300439366992855,-0.43489447083211813
53,-0.6241170813688741,0.0,-0.32471909456159265,-0.6547729225430095,-1.0931254104948076,0.40973187975610936,0.18023965693548916,0.16018679118412027,2.400337007620571,0.8337915574274543
54,8.841277427238508,1.0,-0.2984881814596936,0.1888612766391022,-2.003518664102824,-0.17420702491323606,-0.47146144671657,-0.5608211366366912,-0.24157727900785547,-1.017881888335217
55,-0.3516263337136837,0.0,1.4126610791867715,0.12494825907280112,0.9012508869169416,-0.026603178460013033,0.34420828781284585,0.023170342911336378,0.9808906901377872,1.0001145302884982
56,-0.933774789237329,0.0,-1.4763150754677659,-0.8887403907944991,-1.548189299932278,-0.8364447698742651,-1.5558650327867378,-1.3674789378725993,-0.6815418900123511,-1.071369420523315
57,1.729583024857262,0.0,0.19894730103005345,-0.0875064858818836,0.5092259878772759,1.0826868605694673,0.9709448559857452,0.16022671595872598,0.8398517086968839,1.440465694703524
58,-0.957223452538144,0.0,1.002883287158066,-0.6024254238982608,-1.3477670195442324,-0.9210872326835539,-0.16082192537364198,0.025191758067715606,0.042666665137058815,0.9811290380277247
59,0.1675414060221897,0.0,-0.5031759797305835,-0.07156329026515099,0.0258698579361343,-0.48906608267158097,-0.243757659992817,1.492831740873465,1.9532956225659117,0.05192458306938703
60,7.90854535147988,1.0,1.6803066881346203,1.2319194334113583,0.966933539944079,0.29639399478985246,0.5957750995045877,0.1706117323727444,0.2772485268334827,0.6543632400318535
61,9.40003044186362,1.0,0.6327745715251003,0.7748083501863673,1.95579908536647,0.36274790409363783,1.8967979507197266,1.3739261713698214,1.638785019317501,0.880956685590064
62,7.840871757104417,1.0,-0.13217378720054973,-1.6376747013299753,-2.640132109168499,-0.0031815925399079166,-0.39377531461025334,-0.341623844222558,0.5187068683076409,-1.2957434682821585
63,8.843502873307035,1.0,1.3279359659084147,-0.41615776279117267,-0.5525627872618016,0.5704581443604984,-0.1594702490330929,-0.15832336350323334,-1.1667960128355708,-0.16186842219298908
64,8.959487968460031,1.0,0.30580388970611966,-0.6206088023138377,1.232639131534744,1.010667617302599,-0.19030636660824402,-0.716249769067907,0.8781045312322925,1.2932912556576934
65,-0.012145257887457283,0.0,-0.8485217666988994,-0.14631444548486322,-0.8880332609293234,-0.3585773350276438,0.12072282134843841,0.9363598618789639,-0.6938551723668788,-0.7733782786160553
66,1.3167903004283519,0.0,1.3111141668821302,0.02422126513214581,-0.2816078715786228,-0.1469719086494064,0.17719106624243613,-0.8272448507799633,0.10809054786491928,0.3420216720081275
67,8.178427892372122,1.0,0.19579602349160888,-0.18027649056970602,-0.19435576241036379,-0.573335125209836,0.20473564929870028,-0.07924469121625591,1.135650988721615,1.138983217039444
68,8.061603370655336,1.0,0.34375434929735926,0.9538098704276493,0.13466046382226624,0.8620604483991249,-0.12512217036622006,0.4651839123355573,-0.023466833279407292,0.8212964620762307
69,0.6224952098343695,0.0,0.7814161438065523,0.25396661774354257,0.10165957349824212,-0.4894802236853081,-0.6768209736147744,-0.18135778465564661,-0.11181952215817906,0.8707814092929679
70,8.877191100712682,1.0,1.147663863373945,0.3394256642655459,-0.06137208434720373,-0.5830000447982984,0.7816900922189955,0.45180955723937416,0.3188053846117803,-0.29340122088264853
71,8.117756494595174,1.0,1.2889253812367865,1.51989029807124,1.2318203344877574,2.5756062488397777,2.4705688114947337,1.950255584330307,0.28704687243644417,1.168152540522355
72,7.388990291463564,1.0,0.6136207444504654,0.7549947104081627,0.3331660377860323,1.0616686578564392,0.7357681073360961,0.8291092588493615,-0.5428180598608013,-0.007848733966211172
73,-0.9493650517866699,0.0,0.5400098896876611,-0.38616659983375234,0.1714698766174071,0.4856972313004798,-0.21173860048251578,0.6566488950466952,0.4232831234952603,1.2806003928078307
74,6.253100189951322,1.0,-0.6800386882034506,0.6505056746372466,-0.7134456056291697,0.08029827117659374,-0.41675243057420663,-1.4118840456815043,-1.5122531360131892,-2.002322516616251
75,0.5687657606681269,0.0,-0.44967734246068747,0.1633315360563239,0.5457778805819785,0.19591416536182812,-0.3057376707394497,-0.44957574949611573,-0.07211106091497245,-2.075706951668139
76,7.987083790398224,1.0,-0.45709543460947366,-0.24705634151967903,0.02796003711443864,-0.5956316258168937,-1.1901394594070094,0.3895728362021542,0.4429281352408014,-0.13724994906283652
77,8.78558848409531,1.0,1.4465560129309787,-0.9004862598433534,-0.21089029600549034,-0.05579848819043483,0.5027580314669706,0.6646277373251319,0.8065712215419272,-0.16684890293925564
78,-0.9019397577592541,0.0,-0.7175239468629773,-0.6203475592713683,-0.317713421595633,-0.8069045690565962,-1.0777540996578254,-0.17614167264721142,-1.0062912578088223,0.004487736694737128
79,9.624555257108659,1.0,0.5800510329320022,0.7657888950283976,0.1729581338242401,1.683724282597696,0.9708663783572375,1.3490147098046728,1.3262368395340745,0.20042022614926974
80,0.35775533061580195,0.0,0.2887133373120278,-0.18725443590667637,0.7786666461965751,-1.0183930588283647,-1.2060644003670469,0.7997991916769693,-1.1646724584837502,1.4628050243757167
81,10.037049279333953,1.0,1.2410113570108623,0.30723511362537115,-1.1874807093555955,1.3144553767739195,0.7700035506034976,-1.3644700698217007,-0.4800983656836727,0.013363182112908238
82,-1.2212674474904286,0.0,-1.1198863709707718,-0.5789518684512066,-1.2926443928105085,-0.30561147824764034,-1.9925849214467262,-0.11127112718961252,-1.7252640806916568,-0.4847320973476725
83,9.337335087549038,1.0,1.72606480158669,0.2766008561270614,1.9074699759672136,0.7224244211046856,1.39991917081003,0.9825204522052025,1.9065080264955656,0.9212047165940296
84,-1.906831795169933,0.0,-0.647174122677754,-1.957900975808829,-1.2213223287270991,-1.2849364613636127,-1.09532531346948,-0.574351199757872,-0.8279195212795374,-2.3659073401575763
85,7.952555272322968,1.0,-1.1966522903450272,0.14804947599225224,-0.48998716786367946,-0.8019862938505548,-0.3340349627788586,1.5415357991881147,0.6383008100671137,0.2756967714840073
86,-1.127519321481318,0.0,0.22785042697145103,0.7662642939879307,-0.3109589041874085,0.8413734938978733,0.4651573932668542,-0.2595541316379294,1.1532083404560607,0.9212079649774793
87,9.536250508690133,1.0,0.45708207917916194,1.4370990019942937,1.0040146764714044,-1.6301075311057953,0.3663818590518181,2.036740132304304,1.3955898600790313,0.48369052321861766
88,-0.8545974682833438,0.0,1.0293813025305003,0.5170782861752259,1.088462118729555,1.9405999516341057,1.364906621776009,0.6403189328459282,1.4279742956111106,1.667292861257759
89,7.6430455622689655,1.0,0.23549317660785793,1.1315314276648527,0.32904649493686433,0.21221806178433367,0.28714207207963555,0.17770782150059578,-0.00893763642376873,0.07271865834566232
90,0.3271243043692737,0.0,-0.61410523088397,-0.0925219763243093,-0.5188702910222547,-1.3422469320226038,-0.9232989394347834,-0.8101767996999055,0.4054469576769377,0.0011644044215355915
91,7.273654404363902,1.0,-0.21711061686295266,-0.6031779483126716,1.4380086989217722,0.8016127554334295,1.4335008965078588,0.5236680219526427,0.24022886362031123,0.7520764358114341
92,0.8792081218849614,0.0,-0.5047730231374248,2.0309512471301443,1.0141977948842902,1.0399828083097196,0.996674886529089,1.0009756894283641,0.9179363664672888,0.6449892473249274
93,9.675326890257741,1.0,0.617674151824561,0.43601065546607415,-0.38049944561987875,0.011174051895539919,-0.7597815223777444,0.28576418550712024,-0.07813273576028963,-0.8674807995324452
94,1.2795605884742516,0.0,1.3302914359820524,0.43860509301600775,0.18170229040557434,0.32603444292543676,-0.6502790099359258,0.02235572526944766,0.13597963769601062,0.29695654206724575
95,0.31233449406422875,0.0,-0.6445578343719656,-1.338150208850784,0.5378328295025996,-1.1080158376373799,-1.0737515071843369,-0.9975381237589592,-1.075311191443857,-1.0702467036455527
96,0.11869576609235608,0.0,0.8758146115598381,0.7322332648068013,0.09462243739898947,-1.0337443403937576,-0.1049038303747454,-0.19369838013891905,-0.9054383659419725,0.39313470967060554
97,0.28827718059716073,0.0,1.1981476268303803,1.1500011635504366,-0.6026593683650507,1.9556175857305271,0.773388455821635,1.0935153777810793,2.028160495652953,0.7754516963998158
98,7.929016034574015,1.0,0.19111797638871225,0.43584107124134597,-1.6005752111185365,0.2753833052904163,-1.3649909076533897,-1.4106622843510637,-0.7741110580481531,-0.39921485963044273
99,6.111066232025321,1.0,-1.8992484129591305,-0.7545025047079591,-0.5574425420326276,-1.107253416875871,-1.9586294953179726,-1.3029734329337428,-1.4941073049042568,-1.9128813810724312
100,8.539004926580153,1.0,-1.8826175411336286,-1.0394413781235061,0.47599142235170216,-0.31971853160183566,-0.55076979158044,-1.229453172513936,-0.13921589901587672,-1.4294583178146631
101,1.376931111583299,0.0,1.5549673583009354,1.6929230180330561,1.8861563214365948,1.6418418309585263,1.924798528426565,2.015245241728197,0.9361718650097602,1.7507903272261092
102,0.3747013990428729,0.0,-0.9130922341501139,0.5232087430902725,0.22859972716798693,0.10805023699231976,0.20288845702075917,0.5831792739497529,-0.39556698843612614,-0.5574237890333544
103,9.49163203833979,1.0,-0.8737427380841355,-1.5095372793331998,-1.876501246725595,-0.7513596294274536,-0.6555546817498122,-1.4015154914029566,-1.1985815099326196,-2.043352872017363
104,-0.39295719086525494,0.0,-0.4802561104918077,-0.7597599150897709,-2.290065661964682,-0.5993178172876711,-1.5519864936317571,-1.4951796802221065,-0.8166458044117254,-1.2553319198539958
105,8.922760944234408,1.0,0.09291047469382652,-0.11996390509417858,0.26241060629291146,0.39488316513587596,-0.12930673811417612,-0.04687472606671285,-0.9711879376562373,-0.23355947339311334
106,0.0895775931414809,0.0,-0.09466437655114342,0.45607863944018245,-1.7869251734693887,-1.5683132555517416,-1.1431183529465938,-1.9064449110471031,-1.2917301075490624,-0.01204744059438659
107,11.161285508867268,1.0,0.8234009139574536,1.1512907012902807,-0.3726625506679864,-0.328759363035359,0.5262410547298796,0.6163711549956589,1.6007282768799678,0.3800746867121517
108,0.2598087907139257,0.0,0.7031919760448351,-0.009255434178574443,1.366111675757241,-0.3519286228580371,0.4561298081623221,0.791590614407433,0.21037884526425604,-0.4791875726908597
109,7.987219188639621,1.0,-0.8360324501101155,-0.7627212600902968,-1.779425441052921,-0.5850192242197884,-1.5415307858786225,-2.677185351206404,-1.9406967283005652,-1.961146094481938
110,8.91624174903606,1.0,-1.6799177315914289,-1.4284025591977259,-0.32397459576537174,-1.4203914499328238,-1.3060383329544356,-2.076352551971456,-1.7617518551290121,-0.27222521484182743
111,8.590252611559722,1.0,-2.0894175717598764,-1.3548258184763955,-0.8678247800750434,-0.13043825641874704,-0.39445736331322967,-0.8575477037807776,1.2524312183050974,-0.30447293919628066
112,6.846117558559521,1.0,-0.7907922953928324,-0.47674440607838714,0.0599942932172871,-1.575814708250604,-0.621403975806188,-0.12657868419088253,0.2482917108459034,-1.027919449025
113,-0.3837283979896503,0.0,-0.8442120243362866,0.02239350159033287,-1.8260249528122408,-1.5164976197904676,-1.2525719049986466,-2.1573222755843315,-1.0542780946156198,-1.1771699240426101
114,1.6707107698559793,0.0,-0.6471402935927473,-0.5697056390091011,-1.4563021296095302,-1.044091482962104,-0.6996823145248976,-1.9017166593344381,0.5626680161295489,-1.4680412099664666
115,-0.026562769410706125,0.0,-0.7290315247778814,0.5690727029419627,-0.3799896461381812,0.7192874357589708,-0.46553713633712485,0.48986835786226524,-0.8070008287362626,0.19491867643958433
116,0.5330688920305183,0.0,-0.5461510930054808,0.44068741046733745,0.8957820304552959,1.4477741395634927,0.7413837288348251,0.9470591645191156,1.6390617689842988,0.9177492887551432
117,-0.20092530792865385,0.0,0.06873928087905733,1.4444350790758185,-1.1025447452508028,0.4068371317244751,0.27197231608578043,0.2558768284241199,0.36134062775004694,-0.3297283692382707
118,6.833370081035252,1.0,0.7973327146164337,-0.026288414139356234,-0.7971336235334269,-0.463739609031064,-0.3143798732558307,-1.134364861466431,-1.3295796694328077,-1.0171365136553931
119,8.192892102831053,1.0,-1.7239828978407592,1.593417057015338,0.9152876109916783,-0.00034016918945750267,0.14926986747465373,0.928160219225085,-0.30292901081288504,1.3029612813000138
120,7.806133609732292,1.0,-0.6412288515018576,-0.5661093100101442,-0.43883209123600253,-1.070663535743528,-1.0135099080472998,-0.45972435666587624,-1.1166039964460306,-1.244066831062759
121,7.302016808323435,1.0,-0.467071489755956,-0.8925124678914729,-2.3420106157583787,-1.5920259868240214,-1.1843549399518714,-0.29304619549256894,-1.973859900954677,-1.8870632869681128
122,7.042508049184937,1.0,-0.34381245313690273,1.0313904488690757,-0.8012707822651357,0.27522364409632594,-0.2388176728197105,1.8250816332159712,0.2258980678132978,1.5302577717823969
123,7.780801092916842,1.0,-0.01341466537914713,-0.36395535609755014,-0.4263303773062198,-0.6737576194300438,0.34782222701492677,-1.5497271724298953,-1.477923166704904,0.2057540026604879
124,-0.5118442731480949,0.0,1.3013342366538192,0.45582284035638987,-1.065230253877712,-0.954701811936612,0.16894039678471612,-0.2570497583441323,0.29463895113642463,-0.04419606433006911
125,0.6260261128494923,0.0,1.076033308129512,-0.916304223438298,-0.8355179468577024,-0.1983713328524599,0.2012098515972128,-0.5679306438711503,0.6690211104037057,-0.26346580544337384
126,8.753351509060238,1.0,0.8076095448372967,-0.6787955449437069,-2.5642061470593425,-2.663357787419413,-1.8948637130841077,-0.7248042802733449,-2.032550692465656,-0.21621135307592404
127,-0.26916798405048226,0.0,-1.6451634024405906,-0.8656927366480717,-2.9868828083949146,-1.24717641178823,-0.9024346045617069,-2.327715828824112,-0.5662846769258288,-0.37205096877468613
128,7.603002211012361,1.0,-0.5987920043249848,0.4873256666727345,2.218329298324665,0.26269759130705617,0.4884353829071811,0.07941861615983037,-0.25035617560692064,-0.1622645532744958
129,0.9812760462893458,0.0,-0.2951654343012507,-0.9950774514558093,-1.648542251505186,-1.877469785105225,-0.7684042517791823,-0.7393789120945921,-0.529849017593921,-1.439353418697563
130,6.921035488590921,1.0,0.5003499904038228,0.16064965617022567,-1.259678554863309,0.5767581410594889,-0.8059264469518678,0.15396175092961903,-0.125794151459877,0.5349861684992698
131,8.121213667754462,1.0,0.39553417162409643,1.6743065442777993,2.6264978191976316,2.2552919295319525,1.5092095438892181,0.7149184655023033,1.433395167172824,0.7850676746383872
132,8.261995910174287,1.0,1.8965012844426459,0.9206588227889724,0.18484403625181361,0.49069638152156414,0.04981036808066536,0.4000443789691404,0.2658853885692639,0.584651157969584
133,-0.4527086641560731,0.0,-1.7083668091676327,-0.14195161883387356,0.27430134681369667,0.015835235259663974,-0.17872002619239094,-0.6911343926437338,-0.7037604841715445,-0.6254922024804025
134,0.25642975187155914,0.0,1.2336811919757467,0.8110592011653666,0.8125662091639099,0.16256705238838923,1.362144421438031,-0.4752035433006073,0.7173453615461194,0.7044638375768717
135,7.993578331648542,1.0,0.37996564687458145,-0.31625735615621653,0.09402408504856141,0.36049419159464535,-0.060982529643399265,0.004049200350064505,0.8002797771131029,-0.1501085357353645
136,-0.7026305286333873,0.0,1.5041305779659693,1.4041173225128207,0.19926202422971515,1.7930399680543005,0.9450331045070924,0.3535785739048963,1.6931658819565938,0.5304494679132776
137,7.166753818901063,1.0,2.7731674379775453,0.2090450635544279,1.069212286765797,0.26200232039582205,0.5539055259970844,0.5135514082644382,1.373390942185381,1.029177631321428
138,0.7830796717122019,0.0,0.9581103071749667,0.9088567531430961,2.068800141419065,0.14686952252257277,0.7154885878216635,-0.9508306595261101,-1.1188608694840052,0.15821228632190296
139,-0.574455673565328,0.0,0.0614414437759381,-0.3057592196418109,-0.41157451709682213,-0.008081912300488197,-0.31540848735278226,0.7327796284634229,0.7605384628321182,-0.11820643474666508
140,1.1743679803708105,0.0,-0.3796757261494819,-0.7572210922425902,1.210487403683527,-0.6366517004297982,0.4903865790234235,0.8749433618323201,0.02324588208539825,0.2981889336463979
141,8.22109587257941,1.0,-0.07697744358617603,0.4570345819169051,-1.5316659759658304,-0.5210252496831025,0.07328582665525124,0.24970641984216285,-3.1282347895418026,-0.16650553598955306
142,0.7512127553745979,0.0,0.8230290718945255,0.3486434750773329,0.45907073323538367,-1.4699579538510523,-0.3197392740739612,0.2981492083079164,-0.3038456588262574,-0.19479764529401014
143,6.939071730429966,1.0,0.8043926667319107,-0.06626800539082539,1.6390733223862775,0.9880570652158872,0.8092383891578127,0.05294597679874913,0.9004928075913531,0.2795376963276181
144,8.627595805490431,1.0,-0.49203886346008413,-0.10399146227270199,-0.7002116667003138,0.1464536153662392,0.35321894619108946,0.5566260264927538,-0.10820580228235688,-1.770031766626651
145,7.600816159790128,1.0,2.3412313355745957,1.398291494799928,1.765228000650554,2.9568336544645115,1.3589495422902909,0.5358136111649112,1.9913220172457171,1.3704258011103174
146,0.09001199679774444,0.0,1.494671549688175,0.8330761008345479,0.5238582450572786,0.3399304825076779,-0.12884525467017768,1.3698066460392107,1.3932730044421238,0.2428871072830955
147,-0.042671501711995116,0.0,-2.067326262964359,-1.193293237427997,-3.9833484706416478,-2.797821996461025,-1.8782329057566216,-0.6052289481061336,-0.7741164222897343,-0.8163631380698962
148,8.523588824067067,1.0,-0.1957558642157935,-1.0257203558377825,-0.7832480178181306,-1.8334974555351249,-1.1977326823622678,-1.2308620616206638,-0.8692874730498396,-1.211358963546983
149,1.0393545860574092,0.0,-0.38335112857200865,-0.5941607441882879,0.001261962090148089,0.01969536557809116,0.3300298892571433,1.5758689532795036,-0.7819462878142434,1.5273466548456254
150,6.461729807934128,1.0,-1.4236637273856247,-0.6501380680845369,2.235010477078605,0.7281089809608368,0.6815678391712348,-0.7583901734388864,0.7021457741614558,-0.6959099120804483
151,-0.12710225053460544,0.0,1.1469529381729622,1.3975063743232774,0.38725069296165415,-0.13922028616219193,0.8638397790810206,1.5230424530018707,-0.4455296524227875,-0.060332396123792965
152,8.971474551291962,1.0,-0.8464826416783546,-1.26094141195362,-3.15351251211967,-2.1736150592955115,-1.463095140671924,-0.5737329815928268,-0.14407287800635693,-0.6972346005170076
153,8.707029135556413,1.0,-0.008107238760229753,0.1110050121303979,-0.4219465136127299,0.8697333480027618,0.22902976022838967,0.17375168316767042,0.23839905256243335,0.5283046512262215
154,0.7803026887374338,0.0,0.822534089001852,1.2830289049038601,1.7338614195926552,2.3345091163327494,2.51163142606606,-0.08815156407630897,2.1135635353209796,0.5304829038809067
155,0.6563457912190696,0.0,0.6643707706634054,1.0051514361402925,0.11980303812481453,0.7753525103212744,-0.40629837728900525,-0.2847209583736996,0.21465798837301592,0.10380266546992321
156,9.542002574144771,1.0,1.0497153151922956,0.20886790529678595,-0.32510886832466257,-1.9091981094613033,0.005934797200430278,-0.320518287714859,0.6918016953063212,-0.7038096450551323
157,8.538850276086505,1.0,-0.4210327283576524,-0.08946021358576679,-0.7664656341962325,0.13629936449766578,0.18176382752524597,-0.4190824403248828,-1.118396661456324,-1.067242599126717
158,9.61083789906692,1.0,0.2888492151561694,0.6860682694390635,0.4634768495496083,0.921459147078219,0.009141066089953562,0.1136242762675719,0.2589197784859354,0.37839698279021533
159,7.373208938106907,1.0,-1.002811202570011,-0.5544177414302565,-0.28736863642820953,-0.1986469561782605,-0.4463567903036936,0.941621818092813,0.7157197730495968,-0.22262395919227615
160,-2.078004730925425,0.0,-2.575454945355026,-0.806226778820953,-1.4208590903221836,-1.8295669558384222,-0.8472482382539097,-2.2462841077420377,-1.9890625237496353,-1.7867969993440738
161,7.363445626010332,1.0,1.2061280931330263,-0.31514260003312433,0.8212439677335944,0.0856853460056794,-0.019963308769172575,-0.1774830796583584,0.07869173362374221,0.6074848930596486
162,6.357257102622657,1.0,-2.0445892363772784,-2.4489434690028995,-0.3625170348121735,-2.6334538324308263,-0.797103367142539,-1.0836190713912124,0.12433669455393506,-1.174663645568731
163,9.524878078234265,1.0,1.0788260922323498,1.92699582177325,0.7994492318015495,-0.43508861810540944,0.46854036777519364,1.6600282342375823,-0.3617371687293187,0.5912606476746481
164,5.856786530034077,1.0,0.33062340370418203,0.5804494590405747,-0.5041255376244145,-0.06420475350779026,-0.5729294184118394,0.60238745599501,-0.31039034722248043,0.5246187837664027
165,0.027505237970283987,0.0,0.3507662655402078,-0.22988832713695567,0.9133839499463962,1.499011603157011,0.4009211715726795,0.9830965713726835,0.3157497837649628,-0.5406285644622789
166,-2.101180359103458,0.0,0.822148844305329,-0.14353192395292594,0.8353883387092123,-0.9908099032810206,-0.07658712776834901,1.1190231617271242,0.2404210155121826,-0.8398046451518326
167,8.756853738861476,1.0,-0.4611197208991841,0.38044066880578997,-0.975266035214568,-1.4472444857805051,-0.8717948828067412,-0.8881811708416044,-0.9273571215911175,-0.23006825455329136
168,8.727131048244038,1.0,2.212436752444826,2.066190941282929,2.772895938108625,2.3858836250230584,1.7096461170414243,2.8301568304624865,1.0388378328290382,1.005749229562885
169,1.4163830144037775,0.0,1.18071892030965,0.7869038494275228,0.23568941597620302,-0.1621913411726717,0.1432962482123963,1.6448262184825777,-0.9123451264538278,0.14521091578590645
170,-0.20787650852030046,0.0,1.7745118879146937,0.626640705865432,0.2197993263388876,0.29130112035538813,-0.2901494988475102,-0.4876170512411249,1.2388266250924829,-0.6047235810526169
171,9.318133908224175,1.0,-1.3148719524682615,-0.9969632446076211,-0.9172607748038784,0.11985116967476851,-0.5042008862872708,-1.6344896704058398,0.47843168258136853,-0.5337769999126967
172,7.637867732566657,1.0,0.9112252346095773,-0.10789773277046877,-0.16593977578339472,-0.18697996151699528,0.6332213828088419,0.10517264379525085,0.44950479753506145,0.7771712145453505
173,9.207871456887741,1.0,-1.597954830445928,-1.3622777416217542,-2.068322274074879,-0.4553534783336424,-0.5407639616762743,-1.6682202338192562,-0.5336554259268026,-0.7208061572602046
174,0.10668993989345633,0.0,2.6529929804651355,1.1227978593453023,-0.0014783442922270884,-0.46906767472723654,0.42159932734564115,0.7690812887027596,-2.2019613709560715,0.10254401093772078
175,10.247211626409934,1.0,-0.5961137551496408,-0.6155538295837061,0.7587987575652289,0.06952582349408293,0.006094227482900192,1.156988288745765,-0.5427462901923136,-0.5116347604610573
176,8.46599048940392,1.0,-1.5096088750636174,-0.9894195118781178,-1.3249891244852825,-2.0560855512446494,-1.0215068856772935,-1.6291082226655966,-1.863192483069564,-1.2609685716200285
177,2.0864675519967353,0.0,2.4533593922958157,2.064948302913297,1.1786084838204975,2.340769752343317,2.115446215884798,2.827343299770525,3.356866284859699,0.9219583807202893
178,-0.898234902808385,0.0,0.8726864936118363,-0.2086112546163046,0.3211951574159543,1.873614255114618,0.07688592465111173,0.28777373078444163,-0.14953600620202082,0.9825369711608294
179,8.58494859907554,1.0,0.9400393602854605,0.5554057621711677,1.6290925238972007,-1.3060189689547674,-0.6051399896371333,-0.8399029788742023,1.8601227304728702,0.136668952044527
180,5.671618081685406,1.0,-1.0865163926161507,-0.3483200870699959,-1.183180174333845,-0.19419384574302662,-0.3966689312265186,0.4031947509242977,-0.5646182060137019,-0.22415288351388682
181,0.09329658417629186,0.0,1.9537908007071663,3.9582594136539124,1.591622901256413,1.3043417650188986,3.1299484395107346,3.5005877555336586,2.845707847489278,2.7292547725917014
182,0.7008170254310833,0.0,0.5052317995124327,1.176825831101884,0.08604845594137575,0.7211703876488628,0.9103469787437647,1.14172891426698,2.5763825792135915,0.37290696033209303
183,8.489301143885905,1.0,0.91770743240739,-0.3660739700708698,0.4104831737226841,-0.01296996731592011,0.04167966979225673,0.3767890087018351,0.9218183598929497,0.5637198485220153
184,1.3292860672741877,0.0,-0.9536669722369556,-1.129161371426407,-1.133523983202368,-1.4977699514099225,0.03135138014221391,-0.6713962857456767,0.47282147433471444,-0.1991029281760148
185,9.460896414648337,1.0,-0.5641564205031357,-0.20253978906280404,1.154206936594053,-0.10708531054594625,0.893935119775093,-0.44014648881153084,0.575705328249595,0.5831616389957724
186,9.684110514828403,1.0,-0.19393598487656943,0.23168039544858782,-1.175197479914304,-1.013583632207436,-1.2716274238880012,-0.29508301378792906,0.09582089823500091,-0.7223914968834183
187,8.045963408617093,1.0,-0.3014246423510954,-1.3707816628009133,-0.7055822813748148,1.438079667140835,-0.032766987203591426,0.5472072084792629,-0.013696384382807703,1.8030303566106187
188,8.300184447199964,1.0,-1.035288604105032,-1.1548504676809903,-1.06379183275724,-1.969841672138126,0.13488231954172697,-0.28576428670633547,0.39416843689004905,-0.6459256908009772
189,-2.316386837735087,0.0,0.27277583693445323,-0.24041450729330074,-0.4797277352110806,0.38142558303701235,0.38761827777067653,-1.378662482793874,-0.48694131272686414,-0.7672322524084488
190,0.19703289193704143,0.0,-0.7521553749796532,-1.5970400565163752,-2.1991265343367092,-2.6459092959168973,-1.388946178114811,-2.598961977013209,-0.7662704657270671,-2.062754230659233
191,9.180114241937275,1.0,0.706010761811831,0.06108366876262951,-0.6348110287959601,-1.4039288495198872,-0.29141304182905925,-0.1292847708974746,0.35748771340665497,-0.2241831619218756
192,-0.38907353619734864,0.0,0.2137625483741748,1.5158828453091735,-0.6251338031554636,0.06508981979714307,0.23235754006650683,0.8542536790309209,0.9495215991215463,-0.32480127174902657
193,8.088539491411742,1.0,1.2839794869402015,0.2569668280194465,1.833756332876628,0.03257466270895149,0.6899314289674209,0.2283929369250137,0.04532443005270162,0.3184393364570475
194,0.29768787376753725,0.0,-0.07514095724891082,-0.3327711786152807,-0.40485568283166307,0.20009337378591002,-0.15930154498205398,0.22859554525612846,-1.5849901100815795,-0.6573375205652484
195,-0.312482784983994,0.0,-0.2383130268226132,-1.8155780868679903,-1.9707270421684215,-1.2516543943005038,-1.8987548041419053,-0.40018909401438996,-0.7125763528645176,-2.08971664471619
196,8.705314763861645,1.0,-1.850994362949374,-0.4337120435525746,-1.935368377155681,-0.25942391063537923,-0.5074416291791732,-0.56100193421727,-0.3262111541599393,-2.229378997289923
197,9.246816287321945,1.0,0.5660143821596922,0.5558650799181967,-0.5854013235543089,-0.061823416801471257,0.9385203671969328,-0.21314983656992617,1.8934466073026868,0.5513846490309543
198,0.22904429055766565,0.0,-1.491183461984124,-2.0678316561154375,-0.10500018754436964,-0.8661757165448019,-0.1315687518010325,-0.4472513062703969,-0.9445836379396452,-0.5558955139285631
199,0.5201351262952079,0.0,-0.4044668086504856,0.23018537036692865,-1.7849378303569328,-0.09236317241709849,0.2342430337472828,0.3837664137867379,-0.41453326234285,-0.5194509507365092
200,8.033564255702153,1.0,1.187412690464958,0.9796682396025218,-0.0990517642796192,0.6960750853238079,0.1723183608005588,0.8842163395002051,0.12270869355966198,1.4056890905901536
201,8.846804606197747,1.0,-1.7103872543489096,-1.8907131257516057,-0.8686796945150294,-0.004244264748591824,-0.769325981952184,-0.7815160397734079,-0.5636419968792289,-1.7038906564930207
202,7.848666571917957,1.0,-0.3627518549958558,-1.0341209997791032,-0.7697791716205851,-0.3457071855786765,-1.0196834603554605,-0.801008429441425,-1.421891882659406,-0.7700957922292363
203,6.528101551051921,1.0,0.6815852595912291,-0.20800141650577494,0.8742707164492095,-0.02162960325466315,-0.021642482671835894,1.0261083322446387,0.2938269971849363,-0.7048113758879069
204,7.827607763984235,1.0,-0.1957769617652827,-0.58864647360066,-0.4338691486135228,-0.6581816839843175,-0.5892503941882852,-0.05973215592744835,-0.1783269136887936,-0.6084564507965885
205,10.27252658320156,1.0,-0.11939082246827269,1.6324632995883523,-0.14950905373936277,-0.5439992944789093,-0.30476648895158187,-0.4302687509297495,0.2869333329970401,-0.24045835327720705
206,0.8838145578603992,0.0,1.6620442996596745,0.8483948237762814,0.7013051930535626,1.1071125579806873,0.9182034377015672,0.41820464280337305,2.299112786419968,2.196906226407258
207,0.5740682379199227,0.0,0.21897276603183397,-0.6329307717750664,0.6278870628056443,-0.3456896625700076,-0.821166105730176,0.38001805667225996,-0.3773797791015507,-0.21933804337553064
208,6.5579040812628735,1.0,0.7064398145474255,0.970716710160501,0.8360545030135843,1.2556241574857492,0.8705422303460406,1.5803485767128376,1.9831612074256981,2.010320824168955
209,-1.8452594620652065,0.0,1.1862846795545523,-0.6253043133801868,-0.9155955966615211,0.6226229763232295,0.5565731157645972,0.053092007165978485,-0.23359323148027858,0.408890927079856
210,-1.4996214280332574,0.0,1.306186426341644,1.5890873166054367,2.796696439753443,1.1692725769422063,1.799289533527537,0.7329243007426012,0.7187985494408754,2.276035112588415
211,-1.5061829915331781,0.0,-2.8258019638847864,-1.5989127275036605,0.18127516172322305,-1.4078921510709037,-2.1650162667832813,-2.1975276870406333,-2.6235183771019077,-3.0711291771430056
212,1.1287388311125301,0.0,0.08333071751734893,1.7085274116325395,1.3296136058463237,-0.3915626997409515,0.850500626276039,0.5606819334181415,1.3980719640233752,0.2656716995967366
213,7.072060392371598,1.0,0.40072902793123144,0.745578929356898,0.08927533515442437,0.3977931558643314,0.8639382090785399,0.24007519930577348,1.4260445213123614,0.5463449657036749
214,7.906023840466409,1.0,-1.3669870801848598,-1.6166457761300774,-0.5039297204167208,0.16541560273007097,0.16308756594601914,-0.3408903521080481,-1.7097004360000607,-1.6219333161114244
215,-0.7903779433085127,0.0,-0.1942811412158052,0.07058175289372978,1.2467960975770986,1.1387365967379297,0.3173431109441377,0.6393275504647971,-0.8912264670800053,-0.9293535573744522
216,-1.7358805963879622,0.0,-0.589906686689117,0.2695639144507481,0.2948699618849722,-0.6577229485926053,-0.9057694964602403,-0.5548635699863915,-0.7190542357843546,-1.6046999594137177
217,-2.2280510661099457,0.0,2.325628450808514,1.3564880922806888,-0.16701076917052654,0.23769126744298036,0.5510793147065992,1.2703398116969995,1.1716058510325877,1.0833872635368729
218,7.975696190040164,1.0,-0.6645873098689201,1.6906222634060113,-0.29575551627296875,-1.322685765942873,-0.2637337737243768,1.4186910021456685,-0.9825592791283151,0.2802263201898046
219,-0.5946072874905715,0.0,-0.786098887891933,-0.5648378843434828,-1.2549917439128537,-1.4622512172896338,-0.09393627286207391,-0.3589370482774642,-1.404706891729175,-0.17167620760867572
220,0.21544588855485722,0.0,-0.13737805029597133,1.3551118430844273,-1.0106637256943367,-2.153878844399628,-0.7060529719732359,-0.23401771675587701,-0.2125137048860961,0.9102215251975443
221,-0.23557198966559284,0.0,0.7142283111436615,0.24334239654706868,1.5880001914998687,0.6182859193229195,0.5005010274407851,0.24468298185472076,0.4149522026440354,1.711354253404617
222,7.568442872373231,1.0,-1.2278816013078195,0.35260370298818394,-0.6673435118500278,0.2785617236911529,-1.427421412764395,-0.10391525655395115,-1.6864217576935363,0.12504729364013006
223,7.484381624630459,1.0,-0.28670574384711184,1.0434548042961271,-0.13611470761726946,-0.08810982460199107,-0.14687250318049222,-0.33433478317361154,-1.4640364278910905,0.45834584905287673
224,6.808710180861094,1.0,-0.9900604303694855,0.35431637953648076,-1.6039423203030048,-2.216773180374047,-0.8981244994144447,-1.5410490815996924,0.014929020603132179,-1.52134145669985
225,0.06270254239618984,0.0,-0.24148210757390276,-0.24264445882511518,-1.8119173822697083,0.09575296702469759,-0.9717282031323865,-0.9438056588124695,-1.7444662136234004,-0.9663719979577219
226,0.4824729787398132,0.0,0.34898716722436335,-0.14355947869228874,0.6941538269143152,-0.4121657256476495,0.5282694544379172,0.0033824728529917025,-1.1281643099025376,1.1223099469157798
227,-0.013181722998925047,0.0,1.017797965551616,0.8470537665288972,0.04535831886837813,2.0586477943877965,0.5415663318300638,0.8258574382852355,0.658446639399945,0.41184297032502554
228,8.913725438489934,1.0,-0.3304774305291857,1.1291838162053338,0.4738908209254642,1.8895876499697204,1.043182680066517,1.0692301718268964,0.29288130311284094,0.9519786470387906
229,9.361334324399854,1.0,-0.04727200476803035,0.260257399284213,0.6866929192671304,-0.07925111631136389,0.19804316609019174,0.8761797343211051,0.668555698531645,2.016508513633397
230,8.674663506972024,1.0,1.4464994785226735,0.835993250176051,0.9301740549878028,0.963754040971767,0.7007725159186444,1.046227893356342,1.04889473785249,0.7148056809063139
231,-0.4382309401578883,0.0,-0.8227777989716933,0.51942742904953,-0.14569493960444968,0.5217490907094171,0.5206571071730736,-0.04405600483017718,-0.6996288689464583,1.3062679372871107
232,-1.443176587801627,0.0,0.3181543754430883,0.6844777019796185,1.034298615264317,1.3563816105277728,0.5097827478059959,0.4748148964227836,2.2417003244670903,1.0359802078818272
233,-0.42859758802570974,0.0,0.6257380010203559,0.46214110640247763,1.7405924094339646,1.530481036680967,1.1144531119227377,0.7614469370071767,0.5826853677082421,1.416695256252364
234,-0.005365344077494291,0.0,-1.8463738100716318,-1.5640748178895625,-0.9079387135257636,0.6315221269300703,-0.09422485677978931,-0.21880801961904278,-0.50769701229778,-1.1342785757440554
235,-1.6938386477062832,0.0,-1.4183366855598045,0.6976822546037301,-1.1943959302796605,0.8674907065911568,0.6272959737933136,1.421976158879167,0.20893647761896317,-1.3598777815574028
236,-0.17785799368138508,0.0,-0.5377960961464081,-0.44988840791587037,0.6554741178692438,0.004833015390380904,0.5371952876575411,1.1471207520360345,2.1262887957123597,-0.5287414315497592
237,10.63155192409548,1.0,-0.7968760848731781,-0.3538646116250919,-0.150222616988563,-0.24996429528985284,-0.6914352415999951,-0.6780064837579864,0.2154521283040554,0.18973290323339115
238,1.320532572579837,0.0,1.6565821616474061,0.3747240671912367,0.7092104310556685,0.01157840141480728,0.5790071399886297,0.02334415734492784,1.2160868187939116,1.5137026184905715
239,0.3288318526981075,0.0,0.6933733314488753,-1.7427081301916358,-0.033705266390287605,-0.35564352478547173,-1.240043962361768,-0.553924232265173,0.6032716326015615,-0.7709423155015847
240,7.709765474749675,1.0,-1.8482630306010073,-0.6446403394495278,-0.5661141495615384,-0.03062157020375924,-0.6655867225944606,-1.8273296275619177,-0.9230104255417727,-1.3555727572819822
241,1.9831664958222115,0.0,2.109804577703877,3.3170792185546034,2.526051075101382,2.762280979994991,2.521076219654418,4.120251680547162,2.5055939130374725,1.1019651893446878
242,-0.17280399405629432,0.0,-0.9772846309320207,0.1668340805867681,1.4029643063566406,-0.41225333726301555,1.3588587368852023,0.5963995708319617,0.15727466067120288,0.8724638005545804
243,1.1001038204410698,0.0,1.4284155475412572,1.3578649945175993,2.8437929463699456,2.346872724844956,2.1804902931370287,2.6503898542682887,1.2067685359115212,1.541901121305418
244,8.494379705860611,1.0,0.013248613983642224,-0.8555520654508846,1.5141465081924672,-0.2306172413890205,0.73789551889726,0.2586259226744662,0.13931185022552653,-0.7536735762416952
245,0.7827599292246089,0.0,-1.4912109380704088,-0.7717638354074109,-2.1775564496119384,-0.5348602192446116,-1.435349561051625,-3.04421819023784,-2.8318108523832235,-1.8308856363791306
246,-1.7298636656105557,0.0,-0.22886866600359268,1.6746533642702652,-0.8991320784447434,-0.13548834297244064,-1.2267540446565834,-1.3325636732312112,-0.4315292356663774,-1.1114148204373042
247,-1.2431315926281148,0.0,0.37071102518592536,0.041479944179020914,-0.5601590691913039,0.4879279507296922,0.35521917962188027,-0.1416928731649327,-0.8217777234650269,0.3655100735075525
248,7.634515486074406,1.0,-1.3467010973166127,-1.0462098551140775,-1.8631632294995562,-0.7212387000213667,-0.6954207242245867,-1.1129222311297577,-2.1764451903033506,-1.7524379290820138
249,1.0906410766967356,0.0,0.20642818637039484,0.023840008792782003,0.6678007290141796,0.9336789036117432,0.44332572589565955,1.08063146183492,-0.6844031167886335,0.3740871676986147
250,9.073553584168756,1.0,-1.2084814697972048,-1.6490370611910343,-1.9377576696724936,-1.487505949460436,-0.7554952615443283,-0.12655387421184694,-1.0275169987756965,-0.7125227469021216
251,8.079277526062725,1.0,-1.0427623674040563,-0.4999464576480387,-0.840967844885281,-0.6884120222717505,-0.6820742329426628,0.35637571288885483,-1.3106464813235554,-0.1943624665249866
252,7.406177594437511,1.0,-0.8794859108143114,-0.8463013224810869,-2.1935404710113318,0.011211458876243,-0.38006165598940683,-0.7270819264850933,-1.6991323338364852,-0.606718885611535
253,7.3016277020775,1.0,0.8181731481128237,0.9517053354473326,0.20799951860968935,-0.6477725635559645,-0.45716396418028876,0.5739310888752327,-0.1556757237511893,-0.3806577408490737
254,6.849268174018025,1.0,0.2992839923271023,0.8527539704624102,0.788706466337724,0.1050322311230678,1.1776359664852183,0.8291588943403088,1.8123211883125192,-0.7198986764782612
255,0.8311098044026632,0.0,1.9478549764955426,0.8160113183616846,0.6622646248976739,1.0648265865407156,-0.053744212085185566,0.12932466210551347,1.0797526771474135,1.188937047094426
256,10.18199946344328,1.0,-0.5788048914219813,0.17720952455362524,-0.5337226611512704,-2.02713993985963,-0.5931814689400307,-0.9256756853376593,1.0095055105345185,-0.8959890016835355
257,0.2539669513325432,0.0,-0.45395227442429953,-0.8067597317724693,-1.1837805253888045,-1.0653801998328065,-0.6974578666404839,0.2917291625103905,0.04439463238061872,-0.33800649400624116
258,8.381731315296193,1.0,-0.7195198433555164,-0.8763255515233579,-1.0235828048057503,0.3394650454154366,0.07692115599670638,-0.8893491676091192,-0.7539433584658044,0.5513270549150954
259,0.30067496959298035,0.0,-1.1563905761519087,0.3643596302527019,-1.191916417318261,-0.6111723498600242,-0.26626947933528483,-0.338220930664768,-0.5015073879888639,-1.3348105034206783
260,6.866284756583284,1.0,-0.5046856956876546,-0.34546074844193747,-0.3882231149242726,0.6107426792747976,0.7989583180375135,0.2428598400808739,-0.2601337711320623,-0.10530187582731874
261,0.6992016523428849,0.0,-0.7660618186510117,-0.5152295043121454,0.0131781091367672,-0.15187828243803483,-1.4020866053281793,0.09011153350664297,-1.121437921006779,-2.0235175706423303
262,-0.7708200516635205,0.0,-1.6466006244627263,-2.124737092794073,-0.38797927907393376,-0.23523623583768258,-1.268551662620644,-1.1255154343775313,-1.2402524403815285,-1.3697504371499631
263,9.094969148247948,1.0,0.8662278783644543,0.19113876116858394,0.49491323404407506,1.6116969791076836,0.6996414246032332,0.5735670590974075,1.3808906681120732,0.9835227982176744
264,-1.0059823893319633,0.0,0.3979640656782757,-0.867819023117181,-0.6114111451684339,-0.07276520499748433,-0.6093656125100754,-0.5245284274604575,-0.13957550846816688,-0.5710156344469247
265,-0.6127199245305838,0.0,-1.7172354963575431,-1.0624944212857983,-1.7776247598675916,-1.7905694176080353,-0.22942701967637114,-0.4413244791890826,-1.4035722593694053,-0.7593511755090612
266,7.18569563929693,1.0,-0.5956593042339279,1.1079560517692573,0.49974767715470625,-0.08709677953070552,0.714520390084544,-0.32119424919101036,-1.2755738527312395,1.2909039736152637
267,0.7447524556758534,0.0,-0.44150532777815205,-0.06452440196578085,-0.8526511023010911,-0.5037443294183424,-1.1776817257077845,-2.2247451863898164,-1.3279145558693193,-0.7172240448364291
268,8.499879567674755,1.0,1.026342538061107,1.0304454427156229,0.7871316141666191,-0.7318681648226671,1.0965181230229326,-0.168905964848984,-0.06923444423702133,0.342910563046595
269,0.9087669678907514,0.0,-1.2081487209742507,-1.2326190139542805,-1.3467050968052183,-2.123084745004038,-0.8393085790586301,-1.534701687082948,-0.31115284362347534,-0.9888312424174917
270,8.924506795069517,1.0,-0.7468610461638859,0.46393257837462537,0.29689288159820043,-0.8081843642453004,-0.2979275529543208,-0.34096628217787034,1.665165161688437,-0.8025337379598477
271,-0.15280964478231468,0.0,-1.1759102161654909,0.6180929667890581,-0.8409597262525017,-0.16812038338644048,-0.028067305449717517,-1.4029657803223716,-0.940250586723034,-0.48804336588582575
272,9.381001418485777,1.0,-2.3299893384131973,-0.6480795459552238,0.018546480541153435,-1.2749522129298747,-0.7271181752370293,-1.2490787041608882,1.0028692013782576,-1.1354109176068476
273,0.024779770839741987,0.0,0.48311482873089423,0.9458856820391098,1.3277870302743657,1.7128407250547522,1.8890017944724937,0.626720425447982,1.3879450507034323,1.7573947790029474
274,-0.42738818083538893,0.0,-1.5068013945449839,-1.9362570257607938,-0.47378952371311017,-0.7403875858337573,-1.8229013380768062,-1.3133673806028647,-1.3974533185621083,-2.8025921492299144
275,9.134960785746072,1.0,0.2841787525746369,-0.09508401358640829,0.4662130213596011,-1.1640946268598287,0.23138706306186355,0.5336245395723982,0.16917153416522826,0.062382664782804215
276,10.168084693102958,1.0,0.7212529754486273,1.6211025292984682,1.295696179730696,0.08370472086803935,0.11867031947628386,-0.47954344848032243,0.0005071988179396511,-0.18019038305932278
277,-0.3941268272828732,0.0,1.6944290923153569,0.48461345087296576,0.6390586100527184,0.3340300443737926,0.08742385211446642,1.524059221484033,-0.8205606196661006,0.6585427200069196
278,8.298730739927276,1.0,-0.7954932146409524,-0.14497995777230738,-0.8085425494494491,-1.4878445303210024,-0.6572623597435889,-1.0862670296571129,-0.38470315127229454,-0.572927321036983
279,0.6404659420847277,0.0,1.7367744791473605,2.37906783627835,1.2760445380567371,1.8176376020464873,1.4565145447043109,1.306220581252306,1.1837344083941412,1.9752369813521433
280,0.7140861733128573,0.0,-0.5421170371115882,-1.7386777660066126,-1.3956576433206167,-1.4256605833008924,0.2524573766493211,-2.5991803390806156,-0.8532914063351684,-1.8107105998122366
281,7.1543461401573545,1.0,-0.5770855429902031,-0.5833110000927494,-0.6439656598512504,0.2643651713946214,0.45189479358166595,-0.6244618540050338,0.7193891352960936,0.2213052025377786
282,0.32222494963674064,0.0,0.6117155051130513,-0.509379060102253,1.204899020359471,-0.6376367232626026,0.6399957255210628,0.7420370229509298,1.1157466269661416,0.5294679196782486
283,-0.052899704208064946,0.0,1.914751616819483,0.7051792583855245,-0.612309236300631,-0.48868942024612994,0.46204513383636087,1.074849643324485,0.39224242052573494,-0.2541334443436311
284,7.960572904788702,1.0,1.2213155796396933,-0.9803467292837922,-0.18133761408073856,-0.02931294400203996,0.40401083365018564,-1.2723623692803476,-2.361691718235727,0.36999426878906344
285,6.654564842538241,1.0,0.9975939701550246,1.4304928015282883,0.22981224713486142,0.613802238471561,1.175057256344007,1.0227641096845348,0.01575092883746682,-0.32798911214111337
286,6.708782440436604,1.0,-0.85051723824704,-2.279482512207082,-1.465153932199863,-0.3109343932698234,-1.3690659263431184,-1.5834570064534326,-1.5817855411510866,-0.46890526469935256
287,6.039180916922267,1.0,1.0934271536197042,0.25026391470635373,0.7233246874066888,0.05340677522739782,0.7430210327991473,0.26619975043566907,-1.5422643697875753,-0.4234733572165503
288,9.050681431476878,1.0,0.9412794220060805,-0.26864366332327816,-0.012122785448667251,0.3234857066900431,-0.20516205423706865,0.6251618464234939,-0.47235809313249083,-0.26973738086377874
289,-0.2633402721735196,0.0,1.3233852191039313,0.8336801785287659,0.6070376194493925,1.5685754747242209,1.1498078372703204,1.065018377593431,1.0622121153263335,2.519413371042298
290,9.207989922422184,1.0,-0.6105505936653021,-1.4891206154660697,-0.5265972647966561,-1.2094948672649,-0.4055046981923926,-0.9264963736953841,-0.2780597265854133,-1.1598828278671665
291,-0.5690237952917626,0.0,0.1835115297558628,-0.284879703208045,1.4356027928954918,0.6513667019573273,-0.11317676018530888,0.5132804776351132,1.31187196898404,-0.773987352542737
292,-1.8649858960622192,0.0,0.5663843446801736,0.9179312190463879,-0.45964519632495626,-0.19614039160264904,0.2583080312734271,-0.02890714944855044,0.6166372615572507,-1.004078130721721
293,7.774245070906594,1.0,1.2616824266274578,0.8595181239098467,2.220474356587737,0.3219400652481134,1.7915517363701314,2.333338883992595,2.6542503220846188,2.797065470809887
294,0.1873174115476935,0.0,-1.4618666182402609,0.8656592102834941,-1.1846476500482672,-1.3991376387737247,-1.3653125756650166,-1.0536631574360424,-1.8690500387960278,-1.1932961996452351
295,7.654089354866497,1.0,-0.8512636347979694,-0.33996177429271185,0.2821560055377722,0.8718988725545768,0.19233205765300837,0.6110572959509547,0.1720627425411579,-0.5386942300268672
296,-1.2893838345349335,0.0,0.18397913219360376,0.9837324016436721,1.2712079844576365,0.9402398238205397,0.9885442685365613,0.04919560857596694,0.6926439258357361,-0.04305830264841665
297,1.348674961865706,0.0,1.573942178001798,1.6645479350670664,1.4609592593897436,1.3323320658241145,0.8596762554512286,1.6934392546633024,0.03325045456831284,0.02791118780605996
298,7.956289012538831,1.0,0.7684812159464985,0.9173229670468076,0.13931211812640643,1.5793758695255071,-0.15712453438190152,0.7063940508913418,1.0699976826340527,1.9015456852757935
299,-0.47040873009947254,0.0,-0.5084446513593817,-0.1493730320227204,-1.5807648002470966,0.13958505225868267,-0.7929702472443915,-1.4776322098161034,-1.9865150421457944,-1.9494937849968574
300,0.30107267681335975,0.0,2.026767871280461,0.9253053130685197,0.6565695128365716,0.8929484459108061,0.38561261277150227,0.4901715471848085,-1.2283114119451541,0.8686063035983126
301,8.05591317916867,1.0,-0.8242594268842703,-0.2722801367837011,-0.35801408221602105,0.1866836557404237,0.2535334526032382,0.889245222146108,0.7441299249499093,0.5099025967164349
302,-0.5884151394984865,0.0,0.3432097516344585,-0.8005237468872345,0.31330964503860004,-1.352176026033838,-1.176445966090991,0.24254618103442185,0.555681546707864,-0.7758195922942308
303,-0.23356105820526943,0.0,-0.8017418908273429,-2.0720624593569186,-3.019523711071571,-1.6760760145184161,-1.379639100822994,-1.5816467132789471,-2.0995384033969753,-1.149144576817834
304,-2.581940204853582,0.0,-0.9309839123199373,0.6924606855089291,-1.3730035878956826,-0.39487400348472323,-0.5816791759037404,-0.27755524725225256,-0.5749359780991123,-1.0813602240042997
305,9.83697359811743,1.0,0.07713954695468335,0.5618883665236827,-2.0521338768392243,-0.54481703443022,-0.04573531931578112,-0.002906822729610195,-0.8229394421332588,-0.8685714638505169
306,0.035544861418547305,0.0,0.43122342363717325,0.04185573434107662,-0.37945328272911716,-0.4443465752677106,0.005922064028245061,0.6776147521619914,1.0064318943778463,1.1507039160666357
307,1.1215338944720268,0.0,1.361363573811048,0.2315749141071079,0.14359211147212336,0.050939874211765726,0.2971314263617535,1.835523655683282,1.8094490555404654,0.934230789974632
308,6.87510423643386,1.0,1.2860645908529,1.5956007200312143,1.0518475884436849,-1.7720123298473658,-0.08235233295122663,1.1154383542288315,-1.0802730651597883,0.8591251421826325
309,7.42996679822069,1.0,0.4473086059638362,0.15538776785444064,-0.12716393265563483,1.4065090006183387,0.733290125892835,0.890225155573849,-0.2546617326529664,0.2273106832154746
310,0.20528356109384588,0.0,-2.6905648472516055,-1.7886242308629132,-2.0796866756370744,-0.19471965341790595,-0.9031090264819809,-1.2489975166500387,0.7137885876099525,-1.1417761859050357
311,8.625537251549831,1.0,0.31064084669758724,0.7944116926503336,1.342786874281406,1.5600466019641512,1.4104361617452976,-0.06759487032841255,-0.5273575477275244,-0.3816237822553501
312,8.350906868382024,1.0,2.2716149110824655,2.0447693884145113,2.183034802093428,0.1719991944175301,1.5739787414250417,2.244805938864796,1.5979120018215995,1.1056227248257309
313,-0.7558904856567626,0.0,-1.8071277864024842,0.814368006801225,0.40083731380116355,0.3269145154648478,0.28156255788061485,2.054364883446675,-0.0822147443427156,-0.10342032785424207
314,1.633338576689842,0.0,-1.0813675937904517,-0.15604065688527474,-0.4888804939600259,-0.42772015599537866,0.16938076014982945,-0.6938650692914782,-1.8136833081755275,0.17229326911287887
315,8.66020053586639,1.0,-1.288196998622722,-0.47139226022080744,-0.7257183040804187,0.12227403714186194,-1.070132124325394,-1.1244386932741093,-1.0690018299243027,0.07641929305477144
316,8.685728225322332,1.0,1.8194502088805868,1.386345138569679,2.187125823296786,1.9496671387534235,1.771937028521178,0.7933372135896153,0.2711698496987775,0.5924430213322153
317,-0.06654417866852122,0.0,-1.0200729788781786,-0.708860452332661,-0.5182412004591137,-1.0272088372970773,0.19958802424944386,-1.0144455617139634,1.02177469484947,-1.2286228459309798
318,8.376776382441943,1.0,-1.877522793264294,-0.5638359086240013,-2.1461498556645973,-2.21652288121301,-2.122709408072134,-1.1542207337447667,-1.1744055439441472,-2.5076820065446914
319,8.22032028805244,1.0,0.9615919780966584,-0.794442443631526,-0.7938048104194221,-0.6190344694307393,0.3429760354658128,0.863361823171601,-0.12185969623499993,0.5453423736397912
320,0.6535606266650649,0.0,-1.7375057822469056,-0.5782593449782354,-0.7614480318412132,-0.5598043301951501,-0.5954439327568904,-1.7908120425530534,-0.4230650319545038,-0.8135902579500723
321,-1.2681723681469808,0.0,-1.237492794142389,-0.6391767079957026,-1.4385948543513667,-1.2367433131206018,-0.8243417370960673,0.1793122194018385,0.37601556286211946,-1.5124767956123388
322,8.744060208503525,1.0,0.23150529538997713,0.7638520126207462,0.1546922196666202,-1.481188628661575,-0.27454851884258374,0.6317233216357812,0.3046634734017338,-0.37641024995892347
323,7.273901927490754,1.0,2.746191566726513,0.6050515088050644,0.8546938967957923,-0.6636160022932355,1.4232880281843268,1.1409105904324561,1.3029750485857423,0.1397375024718383
324,9.212550112667186,1.0,-0.49447935108789914,0.7163071982210594,0.9273744593339968,-1.6413857117172665,1.1875305677528394,-0.1987447297628961,-0.11818579028377386,-0.19083006987810622
325,-0.06012862410028422,0.0,-0.27504715257711065,-2.050914759463744,1.1207197568557992,0.7234271019571363,-0.40016569033138033,-0.6423881945443963,-1.6649472158986927,0.18912147467379167
326,8.611769287253917,1.0,-0.4671918055654867,-0.9349218901065882,-1.7935549842604785,-0.7896556760018913,-1.2783209576729364,-1.407449880836777,-0.4629716120572168,-1.8550542757164177
327,8.913445423566063,1.0,0.5614448069458545,-0.3967127311750979,1.0101896898414182,-0.5928039621199542,-0.4508587995488516,-0.37662029252000173,-0.4886268004969874,-0.2517408280714383
328,8.14160559783993,1.0,0.5850418897361614,1.2813834340374763,3.085636409228317,2.3682089179897368,1.612745510825338,0.48881565592352105,1.0778089126922004,1.3115439276214107
329,-0.8432387692243032,0.0,-0.31290121414061867,-0.22085046911055412,0.2148295660572415,1.5096314912441806,0.1008132444329354,0.3673740384201086,-0.3058802799940692,0.9323393404857309
330,-0.35179872709203314,0.0,-0.2937990674168516,1.6725936269094603,-0.2186674420102518,-0.5236217691705122,0.9181245782269392,-0.0643719039311564,0.5347967386544348,0.05257084552765401
331,8.864782732151975,1.0,-1.4025348063797614,0.35321858908992043,-1.3496228125074583,-1.0442770603568488,-0.431751856527905,-0.18086951864092765,-0.1373275378826846,-0.7885690657462413
332,9.570003527903905,1.0,-1.7804973316143782,-0.3256689522481961,-0.9585934805285562,-0.8123010900510443,-1.4485120909835654,-0.32024201893102966,0.4282005146452812,1.1829203223115432
333,0.8310252627796563,0.0,0.9899791831308219,0.10088488037511777,1.6283618071994697,0.40992261525773377,0.4801600421444141,1.0681669652796209,2.4830765597450095,2.349694512317983
334,8.90642267716512,1.0,2.3063555751334928,2.707822469656625,3.0629078465257447,2.367868826463311,3.1822642892100563,2.0721387267460716,2.481055316599287,1.8866299152740948
335,7.694691124832297,1.0,-0.13001962783290463,0.3730662204565869,-0.014778762186646519,-1.3993819972925783,0.05466384738024987,0.5023591333715502,0.7228691398794551,-0.3076210035231918
336,-1.1128040893307376,0.0,0.3429359888308002,0.35135165133689433,-0.5958328661861613,0.8744314958292445,0.38051502567365625,0.41226213777496046,-0.813903088093967,0.672354534561443
337,-0.020787440451803387,0.0,0.7763556002235081,0.3562799181507751,0.35743988678315625,0.39159192605644955,-0.13985710408868568,-0.46722604702925613,1.1793267120228463,1.3545205146191184
338,-1.0712514649856562,0.0,0.4190813330635373,0.4902699666227702,0.9133472583308581,1.287107507647935,1.4866569717395695,1.2026468231726415,2.097238580250384,0.7849762691573356
339,0.6428817618407443,0.0,-0.2638144805763034,1.009744779405792,1.2000333507982386,1.0669649410119064,0.5079271198209445,0.0033892507348465273,-0.4202244523589032,1.785978309300198
340,-2.3395093322238614,0.0,-0.7795788176997283,-0.025103083815814633,0.26696303546178296,-1.6944926077063676,0.20219515688671186,-0.09443315957918877,2.0885190983661466,0.48540361498831447
341,0.8078206163693081,0.0,1.2711581394456264,0.6909072369643476,2.062172393877037,2.214490676326991,1.3788161264434082,0.5378314488355953,0.9836532343468614,1.9243267466485638
342,-0.08167179315985991,0.0,0.4221024339449865,0.9059093241634797,0.5075716609181488,1.9604604769132752,0.047123446375313675,1.0620513459923806,-0.0421270934715552,0.7645543054650348
343,-0.6270412913348973,0.0,-0.33281549306725977,-1.3168463752046515,-1.0444786170282632,-1.1522636448073291,-0.18570300502615733,-0.13106564534162088,0.9610080499267684,0.10114927361083284
344,6.88100960047429,1.0,0.202734489277922,-0.2712021900718584,-0.9384068657287568,0.17322265506563045,0.2834104551889193,-0.18453002890586817,-1.6910216666389482,0.5966074369085216
345,7.836401682810085,1.0,0.7801660493012893,-0.9118097569106076,-0.009913888867376758,-0.583716545532372,-0.44555377770762,-0.13887322945904343,-0.15914401721444665,0.051523828127251196
346,6.818033400165941,1.0,1.2955304309182676,0.7242207208336015,-0.5140342835998111,-0.9597226909961929,0.17549871160423056,0.20657362277558922,1.2770919575688566,1.233820993122604
347,0.13527407309687864,0.0,0.12740844830401327,-0.7992015650633991,0.8816405902462947,-0.8336080911319056,-0.3299518757275117,-0.3682304663811177,-0.7107315871578048,-0.5924459581954166
348,6.439485458332005,1.0,1.5820346161517105,0.8982730771380186,2.3902476368059125,-0.814368446380983,0.45257980984590035,1.4793144547017982,-0.7620723492390357,0.5713703549039818
349,-1.289879802505902,0.0,-1.0438032038014888,-1.2704260150466513,-0.6991738519917312,-0.18391146751969223,-0.7437035135374978,-0.08339008641378737,0.3219610496475893,-1.1735779448636172
350,7.5120458365941225,1.0,-0.7449981843271387,-0.809152775850529,-1.037847881352144,-0.2546079232166359,-0.9973952592104242,-0.5254236916184425,-0.030787025865258794,-0.7593842208394905
351,9.426396794597213,1.0,-0.01964235246772491,0.15740861101194772,-0.2635075026410591,-0.31601458143950645,-0.4692609671418502,0.23084990326281155,-1.0227243804846735,-0.8385818689256391
352,6.8804912657338875,1.0,-1.9680542383757798,-0.44422131489482897,-1.11452383433564,-0.06641129277874297,-0.4472561873765049,0.2806283611029342,-1.077924294885709,-0.20466436675643276
353,6.818139601263804,1.0,0.19615534857818986,-0.1422439688797393,-1.2783558996596958,-0.17552426827043507,-0.6096155728086619,-0.2626069097118402,-1.5611857734850583,-0.6034225941495887
354,7.421372348546375,1.0,-1.5999402509928058,0.25787883353124696,0.26934685056884794,-0.2227817982142366,-0.9346480626284751,0.42929122846579915,-0.32927460193000146,0.14924976028421827
355,8.228490088281077,1.0,0.16059471736188635,1.1031964527818885,1.4737624947074939,1.377951194188777,0.8715352209140935,0.5648141241734805,1.931500698019447,0.2906949857235057
356,8.533192793383614,1.0,-1.105576787455186,-0.7478002497823053,-1.2010102053077878,-1.168354304432409,-0.5782106338463203,-0.5114819268238143,-0.39543292118348516,-0.04570570770578069
357,8.515172136975103,1.0,0.3499873708926552,0.03380266059471056,-0.6836887811935032,-1.7345533379338514,-0.1853494886482297,-2.185258207032656,-0.06049810360845501,-0.08597300557129747
358,-1.02440637080001,0.0,0.7986118539240118,0.7380777048913195,-0.7443764710912393,-0.6191423631629023,0.40580155688013814,0.9697763270798125,-0.08310286447722369,0.9579693125886557
359,10.087641065858037,1.0,-1.9323901071753138,-1.6078353644168444,-0.19359828508221683,-1.5174984265598077,-0.34466816007017137,-1.3040828405800557,-1.139136308397969,-1.9592112011077392
360,7.210277301429354,1.0,-1.4549151835042744,-1.8715717535704088,-3.1300324063118503,-2.274276322487819,-1.8583094437888372,-2.1814593360583268,-1.1947965879794875,-1.8219458617655078
361,1.4251096622332629,0.0,-0.18067067487736418,-0.3436627150677476,-0.34065348645785165,-0.715746874565065,-1.4017981152067913,0.2931997586457469,-0.8140472145175346,-0.0929511200350561
362,-1.2370252645206927,0.0,-0.15382891555654268,-0.8157681997644863,1.055063377799203,-0.970952540362878,-0.325293075559959,0.4302632764791356,0.24647922047113338,0.6164270008196082
363,8.36824836057881,1.0,0.42182263651239404,1.2848050321902753,1.7389128041678539,1.4643947726146291,1.397060973357188,1.602905619391609,0.07488029133199549,0.7784197407202337
364,7.876884964362267,1.0,-0.3040559486065255,-2.3876961076691767,-0.629841480272999,-1.5325146600324568,-1.1685482031180896,-1.7032473652800326,-1.127974007746011,-2.142838772400785
365,-0.23639717291430387,0.0,0.5023185543752283,-1.2296299671533477,0.9061674890138212,1.4219270267467483,0.34500315817987887,0.2964962615234097,-1.0743719509071377,-0.10702888744669141
366,-0.1972131710285704,0.0,0.8301480543305367,-0.434780918297086,1.494992219139763,0.8749436936045276,0.8381641148693078,0.4480414940316701,-0.48566706255690195,0.7353740328757467
367,8.900947624951474,1.0,1.0962141443466955,0.5545933847407242,1.2968432241119365,-0.1074483623149222,-0.04467095915789724,0.18910467632733818,0.5008356980608683,1.0790518509541012
368,0.5350349714407884,0.0,-0.576119411049841,-0.08716280053235965,0.20229482212524724,-0.6780029718624695,-1.2850768993280952,-0.44913893288530454,-1.0422230876592722,0.5398905491199982
369,7.1247924057219825,1.0,-0.3305979695471002,-1.469472781872116,0.10995928934278641,0.009602905690240245,-0.6834058145944498,-1.3724555736150377,-1.6063137758714665,1.201513347485306
370,0.4007042152309221,0.0,0.5379814425520786,0.3564930413299054,-0.6139881884254447,-1.0521602759185218,-0.6184601329393092,-1.5433965305275303,-1.103939805230603,0.3473054547176927
371,-1.2690418116984887,0.0,2.3574923027126014,2.0297623337003285,1.8929480834738044,2.5006857247442653,2.630512399184085,1.8636020153737471,1.5620919110645364,2.964052846420262
372,0.25347068312452153,0.0,1.2224130944968286,1.1133399980942027,0.1914168954480852,1.354963279702726,0.9651184423544562,1.63870712623449,0.07620908235350343,0.3942463614574994
373,7.622769134081651,1.0,1.6712762236545924,0.731007047809164,0.4641288361523213,0.7279144343367447,1.3487300635678316,0.2082744595118733,1.2863677957265032,0.9148456566437912
374,7.22065407911612,1.0,0.8625755758323248,0.04311190687707001,-0.1918258634487144,0.19030800537266998,0.15106997854644635,-1.8140459682460588,0.7033233950407647,-0.03480001375980947
375,8.65139139421644,1.0,-1.2404858313951597,-0.5241711579169225,-1.5645721614764543,0.23402326438324236,0.24002468381149444,-0.9566631982650925,-1.499476336098124,-0.6685566973448703
376,7.758172533906969,1.0,0.6453615995559016,0.3023482024022708,-0.3574531115995964,-0.9587194457523514,-0.39239688867163974,-0.461553422015393,-0.9127355170996231,0.42038996783313326
377,0.9437563229030665,0.0,-2.9153836165634144,0.9278410978843024,-1.513664824128264,-1.9114925357130927,-0.8694068045343051,0.17443596889745477,-1.0028641632220237,-0.3577326381508414
378,8.007265135811723,1.0,0.6601909015619024,-0.24417955886075368,-1.4060589842314821,0.3481089630174228,0.23229449103390384,-0.8879852629525654,-0.1747711892830053,0.8578619263910191
379,0.8362476357512837,0.0,-1.37809960145367,-2.1340752887676,-2.994042655422597,-0.5434583516711613,-1.6121520823708004,-1.2461410031858107,-2.842145972175801,-2.1392245975878117
380,1.5219447081123119,0.0,-2.0586249890733015,-1.1732648990233299,-2.13174100311437,-2.4489426402263943,-2.4238739105689953,-1.32981688451184,-1.1966235381386527,-1.3734151948659163
381,7.621289507042484,1.0,1.9131583136925514,-0.49191611648581735,0.2848744978467993,1.0502755161351829,1.0733580614197127,3.8025354423464806,0.746141239337669,0.6308391328830407
382,1.2867611183107572,0.0,-0.7198773253281876,-0.037030572545899,-0.6848923844705176,-0.22039928739203282,-0.31627322500681754,-1.264537699516762,-2.5606954857576927,-1.155583607189671
383,7.544883077993793,1.0,-0.015285295616497857,-0.2528072573696908,-0.12586155707712934,-1.1698430418641994,0.06850478055017066,0.26230976008180695,0.8245713921250302,-0.49849237336770474
384,8.496220286105078,1.0,0.5293863244901544,0.9280741771005466,-0.7706575999279827,0.6785475497844973,0.21721760937030818,0.6190166026261299,1.3038848054749153,0.5080353840789203
385,1.38406556747843,0.0,-2.4553399915372465,-1.3143528159212161,-2.1566526203494605,0.16298750758498565,-0.4621583261161874,-2.0310638721504057,-0.8887716568646642,-0.9559095366096525
386,7.919701119790995,1.0,-0.8553560824623506,-0.3206853584347201,-1.9145249160111677,-0.895324693191528,-0.5427832182741709,-1.632013521522486,0.6609629794825678,-0.8496848570104963
387,7.915384437203445,1.0,0.9374352244433507,0.46801114262277016,-0.7116836938634167,0.0963241262897798,0.06396650178541528,0.9240271390543848,0.5599147006928324,0.1314570994543771
388,8.699870536995748,1.0,1.2039677003467049,1.3155318261604547,-0.22728901765602422,-0.4382456773611408,0.2869631739658901,1.1495347518733061,0.26921491026948263,-0.7582026426102251
389,1.4443662641720494,0.0,0.06590490660603153,0.0980629411949553,-0.09612777557669172,0.11506361087489834,0.9420385317386968,0.5950374728110924,-0.20759475549822115,-0.5745878153263702
390,7.7505714811171735,1.0,1.8370594737477393,-0.10242499463498403,-0.8377379063113952,0.7474135632453018,0.6256874156545255,0.5692195000407237,-1.2436057682682635,-0.4832735084763109
391,1.4315012039763317,0.0,0.6818407872773332,-0.331280380871704,0.4549696283931231,-0.8928692352136604,-0.15110054641970203,-1.4126883061321256,-0.9327812241748753,-0.2694396624724486
392,-0.9168731237297135,0.0,-1.821745833244953,-1.9590679337339822,-2.156774487842439,-1.5143535456725805,-1.0785764914858365,-1.4032188008465247,-2.815307592057208,-1.4041864733175815
393,7.365455741770852,1.0,-0.5637942033060543,-1.51371990310726,-0.15396245932310298,-1.502508148320056,-1.9013312099995394,-1.6463414263750695,-0.9083516575450227,-1.0769071534480428
394,-0.7258331592483633,0.0,0.5454165312468454,0.6197073859614394,0.6250680956441863,0.3586618542869893,0.21843276977641074,0.1496816618186389,0.29489370778489504,-0.17756870060680527
395,0.1690047966598653,0.0,0.160599391548608,1.8043226689001035,-0.8655154872363856,0.5388580607030534,-0.17410308709604,0.34157150987451285,1.2785826356118521,0.5706944676139931
396,7.748909326140988,1.0,1.278013191882928,2.075296118256104,0.8946703377780835,0.842787919112095,1.25959936595854,2.2371388540489345,0.7496922009246045,1.4760713101955982
397,8.949273288754645,1.0,-1.9861255681451135,-1.641493610597074,-2.2725286050421696,-1.2257437570583396,-1.374402876369043,-0.9336397183424607,-0.9433560750876849,-0.8156140406975283
398,7.312932662001824,1.0,-0.18480421414035153,0.5387702667883965,1.8091113203650426,1.5383858550975276,0.8112755146372775,1.0791856963952724,1.6029679379921635,1.3957138619110505
399,8.33105231864572,1.0,0.5360137478490007,-0.5897059918306153,-1.373848168616321,-0.5424977918412123,-0.36065170863622764,-0.8968942609793156,0.5362889436413584,0.14501654096540748
400,7.32256365553012,1.0,0.024185740809779234,0.33620215701667233,-0.13663476623053097,1.4238107495812258,0.01905663644073687,1.2265509226985354,0.3676354296675791,1.155975393724767
401,7.641260215415505,1.0,-0.5411232115625286,0.3826543684083443,1.1068768504492967,0.1743006253996165,0.6989211448407299,0.9639063413841384,0.03910397369685351,0.9889793927938848
402,7.748048263091168,1.0,-1.6699250100591527,-2.0669754244722434,-2.461843880532388,0.3658717358982207,-0.9121318688506443,-0.26786104267332633,-1.7223351125687991,-1.8413038024184991
403,-1.8638544330803157,0.0,2.6701493525021367,2.081952262953851,1.032852075578902,0.8862238690354871,0.45177739693869023,0.6138249251219667,0.9966362541520467,0.8400800065265108
404,-0.7694243883902836,0.0,-1.05740556622719,0.29344873532064053,-2.0854614464394463,-0.16257411143848635,-1.0136654273116792,-0.23093332296426253,-0.9794243101931478,-0.0609109537426383
405,8.007775449472106,1.0,-1.3466699925681116,-0.8001161552131303,-1.4975107246842578,-0.42060512871738903,-0.24346207390213398,-2.5758601938827566,0.07529173900464649,-0.7636241725347115
406,-0.1657058465066938,0.0,-0.15204355719194393,-0.2623799091918041,-0.9285402030822546,-1.9272928678026386,-0.7200023214872351,-2.0616950185634466,-0.7298101376329721,-1.1299091315267153
407,10.499192442660267,1.0,0.44419406439491843,-0.597424885457019,1.448889180365119,-0.4534860892946132,0.4169501354848966,1.5547865709828577,0.8513338147244629,-0.2547932084508562
408,6.743529580103719,1.0,0.3040255799449975,0.43984792589476224,0.1431923853060969,0.23310471590071366,0.27629240223402607,-0.6818413728255587,-0.10767326007912911,0.23218494819411423
409,-0.25111303296801024,0.0,-0.6434738267340994,-1.3972131755973172,-1.0705311097502628,0.963235709901493,-0.47499648423915414,-1.6872959072572904,-1.606411415802177,-0.14499210427268883
410,9.504813699650137,1.0,-0.970131698583456,0.5151021647135836,-0.48109832627514987,-0.1645632884043833,-0.9306863930778936,0.8708393741033537,0.900703126475151,-0.7672642080319834
411,6.276256195138039,1.0,-0.5799127676688361,-0.5125164290307,-0.9556388754006311,0.15496203289011806,-0.263489997623697,1.2424830467406032,0.8003664666536578,0.339581663117095
412,1.0475472910298766,0.0,-0.11995017704333198,1.514500110320053,1.8325290532247156,2.0504841571374692,0.892929706056528,1.1649037001164604,1.7362434561956706,1.4453640339187608
413,1.1777859373589816,0.0,-0.23174986623507024,-0.6996391287209939,1.2128778787326864,-1.1853329020365526,-0.6189596610323271,0.5036843030252576,-0.9662513723262635,0.21060283347235167
414,0.21168421049276814,0.0,-0.8803610867557377,0.4552016862241465,-1.7648802252537756,-0.07751853179385085,-0.4120236420194618,-0.7425932388732356,-0.27100619399244125,0.16600341909693114
415,8.697702734939115,1.0,1.6331610482674663,1.2883775074451476,-0.08261664511933337,0.4792628564934022,0.7783202308170807,1.4579725289721783,0.7806455431036899,0.3344269076321838
416,-1.1516497408339632,0.0,0.1213399226660748,-0.7299439730983525,0.05695106350049499,-0.2754885144760816,0.02324454354552932,-0.8521922586025813,-0.3101615913979521,-0.45189896193925233
417,8.105521648267903,1.0,1.0817320916612836,0.429881751340924,0.1942881609453122,1.3839816200741895,0.9124995179193748,1.1727138436983737,1.8564412948197708,0.5597576408150275
418,-0.9441761310046891,0.0,0.01930151661745449,0.6416237439490943,-0.8191432438149171,1.4472581889337304,1.2490918945554232,2.377740089021922,0.04980814267612876,0.32624374940082823
419,7.956964573983706,1.0,-2.967679802799439,-1.2505739832206668,-1.2979498304178192,-2.64196696472142,-0.7233301404270814,-1.883967648832597,-0.6225891067410683,-1.6073555600671399
420,7.779858541286602,1.0,1.9157123609488735,1.801326171333674,0.10100364046216173,0.7027288296039544,1.5550873158925607,2.32536670444336,1.8604715544427313,1.439432327779328
421,-0.3321040423171856,0.0,-0.35513794323448455,0.6126281092101956,-0.5132598190788034,-1.2737089960510057,0.10347161688150214,0.09893902100420994,0.24454869265656817,-0.33550821116769974
422,6.427549322737298,1.0,-1.3653306955562392,0.4991411011229972,-1.0994440273096397,-0.6863904691474231,-0.7728391217106572,-1.0710594771518083,-0.7922398762879841,0.19698558006984002
423,1.3238988540214447,0.0,-2.662227952501435,-1.4583060562620782,-1.1984005974815868,-0.5372305327104061,-0.687422334611337,-2.5351120562286895,-1.624334702584805,-1.7456428905658026
424,0.7756719247673792,0.0,-0.8250411439460453,-1.6367683902132057,-1.5702981355685062,-0.8232156501330273,-1.0518979074082746,0.7153387124760235,-0.32237221337780025,-1.755379546907554
425,1.546981716772679,0.0,2.3742463921189416,0.4774369914850431,2.019533905320799,0.3457824236853189,1.199153627408469,0.6549581173378776,0.15537296320274513,0.39323195145299233
426,-0.9078781562569984,0.0,1.0025549388374493,0.8826862935375043,1.2310957875618491,-1.1206012645699426,0.41932280640840713,-0.23521818021632307,0.02727379516069976,-0.24088021715034377
427,0.3213888650506556,0.0,0.4326917501951514,-0.37213048606553034,-0.9427517061767826,-0.409701529596989,-0.23327437424355116,-0.03846900016707256,0.24425404246828805,-0.25988555508755146
428,0.0924823563645755,0.0,-1.2418450258720242,-0.703733989328088,-1.751870086095112,-1.346262918698817,-0.7210338889707038,-0.9669237307819813,-1.1676642697683826,-1.1115777773670503
429,0.27827635092736536,0.0,0.3459359719759709,-0.9493600209007159,-0.25981169148349975,0.239056568226913,0.2805273418168246,0.6474634071143027,0.27725152600023706,0.7555393140554918
430,9.303988324984813,1.0,1.050750127900764,-0.24108362096605448,0.3570060126536461,-1.6518856938174744,0.057177445268082654,-0.6448711558243122,-0.8194096721055563,0.010462151245302103
431,8.135845948923086,1.0,1.5292869628381323,3.064259041597905,2.660744870028217,2.977986006035584,2.6496851071998657,1.6628230525918768,3.5879921511034523,3.5478267574307556
432,0.20073521101926314,0.0,1.2183778232041624,-0.9776831659198169,0.5512350432135921,1.3504627854199096,0.6223953289218509,1.564528477365068,-0.31112394207877786,-0.09910080523512503
433,5.840170956036122,1.0,0.21665230214174075,-0.4914286060981403,-2.0876893466226862,0.7139569074692126,0.04877642979667955,-1.8376091807087127,0.20372119148071524,-0.7616982921550925
434,8.82580038457737,1.0,0.14740572594986237,1.3179216010022798,1.8149194516460432,1.7081557080305896,0.5678039111863072,2.194387409200062,2.3765414511807186,1.5818696282695988
435,1.41775853283185,0.0,-0.9228564509857834,-0.30431623916020356,0.7496917456714018,-0.051529980438750025,0.24813188098089484,-0.10283503660847768,0.9407723267818279,-0.24184356715259772
436,0.6866630708447307,0.0,-1.1915803222291999,-0.06539103336205038,-1.3913762395780358,0.1638195074250769,-1.1415086159668337,-2.691443786183954,-1.0202279546700632,0.39828428092494084
437,-0.38215362031099814,0.0,-0.6627329905780188,-0.522154165743242,-0.1473458478980952,-1.0515110600861028,0.37028496862056137,0.9046477456470329,0.9382249754329499,-1.8323969424918143
438,6.458299675519736,1.0,-1.081426938957912,-1.9457215228965856,-1.2988956232417463,-2.2022764777568757,-1.388997546458328,-2.474620942872696,-1.8417803267641835,-0.2409712415143673
439,0.832597281637056,0.0,-0.5734122301363916,0.5875232213570561,-0.0049974570277201615,-1.1620370120663301,0.13949367377282565,1.1977116092699405,0.5275732906122121,0.175998485196274
440,-1.7883157070635576,0.0,0.013025747553100075,-0.10705637590235555,0.3984729745890153,-2.11515278485898,-0.27795813426700255,0.0075005801107246445,-0.6123500648984086,-0.44016836007378274
441,0.5854777785250478,0.0,0.02326183501533905,1.3104626319654373,-0.1665759704513845,0.6607665441244794,-0.15345844557504965,-0.5145181797196092,0.329683799905746,0.9455236342230118
442,1.0748245625922805,0.0,-0.9548824480566394,-1.1118658239062107,0.5407668391285457,0.7924716022456588,0.44431640444626125,-0.9673018982458963,-0.1050076975531176,-1.2850366110480065
443,0.8005602737386837,0.0,0.13546068948909276,-0.1610024017756224,-0.04674705041469745,-0.5581395274713595,-0.8413345588777892,-0.8984714655296929,-0.46714006887289444,-0.3757659659801487
444,7.577163875827067,1.0,-1.4848478427001712,-1.6234054670236406,-0.9824924384868519,-1.1597500458938854,-1.5328725099567548,-1.5418887659502816,-0.25672698995341753,-1.2455199127782821
445,-0.4317482662746656,0.0,-0.35524931962896,-0.0978336439789958,-0.09746607457269646,0.44236259188679405,0.4049173286145051,0.29498394972110437,-0.551646972190377,0.6021112710553087
446,-1.689832502603192,0.0,-0.2315562486853305,-0.050643851085376126,-0.5782713474441801,-0.5981044123349138,0.38687683124505495,0.01725402715305384,-0.22068955632889936,0.18060883168257078
447,8.580577888600903,1.0,2.3033686877083435,2.2427487871440435,1.06264708287606,0.7933752399070029,1.26840495193901,1.9850929487893276,1.2856513756015295,1.237555585652754
448,6.274146325182637,1.0,0.3788707484561681,-0.279023230169118,0.8671607063737076,0.9150094084911944,1.6538701897877683,1.4982206969712404,0.738222286424151,0.8930393364008173
449,7.924526788718718,1.0,1.3674806245965059,-0.6115139992970806,1.0532292981419498,2.2864568566444494,0.49107508603845157,1.0064860795091153,1.1023799735575597,1.529511688480333
450,0.7378337510964309,0.0,0.7685746880012738,0.2836474400327846,0.7491752171403803,-1.5188249976509218,-0.2303439002373947,0.5138748813162493,0.2640348101534765,-0.15405033678635513
451,7.397841403613823,1.0,-1.0612741492099182,0.3564307218766849,-0.05320724513539931,-0.6952555863931607,-0.32457869473514334,-0.6230530470906835,-0.44733542271926746,-0.7792846535857855
452,0.8364544923062075,0.0,0.44784349047910804,0.21388769899780335,-0.098881912550442,-0.05621359070322274,0.3257688230594383,-1.0044808640326939,-0.9928921529371388,0.5771564877720486
453,8.508756895999174,1.0,-2.201373205593015,-0.9556398658517311,-1.5274253295940776,-0.28777024217861186,-0.12451733161131842,-0.8326037674238309,-1.724686051985791,0.33405210804116964
454,6.033566683161469,1.0,-0.8767778364695161,0.052263725974408,0.30802720991937,-0.7089790568700511,0.25422259731832214,0.5293163909473564,-0.20130374780077473,0.8000470404064496
455,6.812938628776695,1.0,-1.987751614009226,-1.2550583989579376,-2.4767496303501146,-2.026267764034858,-1.7451372553275692,-2.2827185611696033,-0.5686617119955897,-2.1806059913048634
456,0.17491634998262504,0.0,-0.5109858021672314,0.11699600410670111,-0.712322258881479,0.735057054013803,0.19279945171010557,0.16549406707425796,-0.49872081870831203,0.5047854776521224
457,1.488671620928923,0.0,-0.5166886314786143,-0.7375614975879816,-2.0425817166683053,0.04480818232082697,-1.103990977952654,0.39365860018660315,-0.6623657989254402,-0.14508100151563738
458,-0.3972400291281378,0.0,0.18063695446031236,0.21165912737224898,1.9306073842692837,-0.0377631965661896,0.689202639685599,-0.6744806457606949,0.20722122647353802,-0.403541602841228
459,8.308480332304567,1.0,0.49027439756629754,0.05110066170241415,0.8250392315454427,0.5467328894049668,0.1892141846621767,0.623375787779144,-0.5002877328020214,-0.6148399663717395
460,7.6957273334657605,1.0,-1.0943466634836525,-1.902088885713327,-0.5916791360812571,-0.17383054046716792,-1.709890690077854,-1.4315684023434587,-2.457080021236073,-0.7054140633834539
461,0.6689812210474786,0.0,-1.00433622496656,-0.563449880660438,-1.4844367450741442,-0.7804767275543877,-1.6893431860022003,-1.1695572590736474,-1.5750616814118004,-0.8846182702554214
462,8.623994588084464,1.0,-0.28618658832046984,-0.19112831291376953,-0.17457124238944563,-0.9191643842491088,-0.76672348279499,-0.7669208456906018,-0.9557770418300613,0.741261777595917
463,-0.7688879945035462,0.0,0.4590891387295213,-0.23604721338762133,0.6000827189825476,-0.9773444548869263,-0.18915026727781023,0.20854439277942075,-0.14062700710908485,-0.034784917441970375
464,-0.6768216280860294,0.0,0.7565443455166838,-0.4848249040431703,0.5400805077610151,2.0700360405269573,0.7432255312220377,0.1996025083652077,1.4125010806801508,0.9695324604854179
465,7.222481189865614,1.0,0.43179450687838505,-0.22943954184952364,-0.4098236924769158,0.203704921879936,-0.3353071763934158,-0.430811359674447,-0.039185704336774194,0.3733441995010549
466,8.08297789072336,1.0,0.5892276727649489,0.7836179770203167,1.7656215490563818,1.2700559045969555,0.5329644874872111,-0.5084695769107095,1.1148173540432544,0.7100534002865143
467,1.4777731280685977,0.0,1.1197942363721571,1.7336031564265113,1.69176441799258,-0.8949151527806593,0.7858921581604318,0.9919012900076141,0.7533487783330616,0.5534163934987681
468,7.152095376990451,1.0,-1.5671356796875295,0.5264353703837498,-2.2295494377259004,-2.0398540011314483,-2.3708618137029034,-2.0069340212587865,-2.1995797041222858,-0.7984748506278079
469,0.08074926348719003,0.0,-2.7911623412462827,-1.2742240635096742,-0.745861488865748,-0.6894179212041033,-1.49420076080203,-3.014999683536567,-0.6609953666006713,-1.4018345585104601
470,7.752973412065725,1.0,0.1059393721203237,0.3211337943095355,0.9119485759282396,-0.689867884908475,0.28418098582927076,1.3882291267483395,0.8961822704707313,1.3790604521400056
471,-2.0146788936965376,0.0,-1.5862133306802466,-1.1604713552890227,-1.2023328197820697,-1.627310367107059,-1.6094874280016087,-1.47866778595601,-1.8957354999104343,-1.847578012804694
472,7.786802663277336,1.0,0.6513565949348643,0.9740812133929015,0.8446262642583182,1.222579666819348,0.6458599967408543,-0.35790103261250245,-0.4751702229318245,1.0526050799899538
473,7.619432753214916,1.0,0.15931701276156976,1.4347385500310268,1.3163657055585856,1.2243744963228524,1.4634205426519795,0.25707979454276664,0.39216956603798586,0.518680282828489
474,0.44301601287657266,0.0,1.5068820459340062,0.38351075895789993,0.07849837692375841,1.0960113187521259,1.546956112326715,1.0391436249194814,1.0341400745105682,0.37455493608727647
475,-0.33681988755386594,0.0,0.3498464723660601,-0.17292283928039692,-0.306588001549974,-0.8134794369724081,-0.08649980062232876,0.5906952805197261,0.6411725735931552,0.498269238593335
476,1.150546718195842,0.0,-1.8100020965438413,-2.5108952610732427,-3.1170510146491095,-1.5307336616594203,-2.0197295908090096,-1.88820109589936,-1.7753320901874232,-1.8125437122428858
477,-1.8273700711089436,0.0,0.8682486290580449,1.1835007302254619,1.8517506968810795,0.9931539875846018,0.9778222021728514,1.9067048538337876,0.8963851134189342,1.8486074441740308
478,7.780985696870469,1.0,0.4297318089207394,0.8652586932916908,0.7551177273545522,0.15151529476261688,0.12049426968336022,0.5988758270383139,0.6354682958837826,-0.0007417602772791282
479,8.760254818430859,1.0,-0.8133361612609576,-0.07712759327693766,0.9258904170092781,0.592023709242882,-0.5967696666128685,0.2768639104414945,0.5203290162042458,0.3543209649421556
480,9.60486486636201,1.0,1.44566701921916,2.7131604667213742,-0.5665085923356776,1.1420934014121602,0.600968525891926,0.9786553273763254,0.04498835853358169,1.7586900401327688
481,0.32531156229507324,0.0,0.6931234163233243,0.5675623290733132,0.14040423706985838,1.1762228695026913,1.7255239174120844,1.4049508726546434,2.6189472031026986,0.6390769123199214
482,-0.020074792950577732,0.0,-0.568268729187678,-1.7329093968605507,0.5931267572115632,-0.009533762759162939,-0.2722157335119826,-0.9482403959841339,-1.0913776655139307,0.42743553573512216
483,-1.3347618838847497,0.0,0.3329287663021826,-1.9209105824441932,-1.8371904512180774,-0.7233517001820645,-0.5528129062550503,-0.42426953723805344,-0.8268099527950689,-1.0470125013507787
484,-0.797547154444212,0.0,0.7688509315573606,0.639004802385279,-0.8636923466381031,0.3969518326525367,0.769441728717935,-0.709130072910101,-1.1883505527419778,-1.2553580438405498
485,1.285125857267957,0.0,-0.09805161386789908,-0.04587937704446472,-0.47396524500860376,-0.6698252773351112,-0.8423757963678279,0.2746604879235747,-0.2873367536613374,-1.255392443315404
486,0.3038609869957438,0.0,-1.540215204211975,-1.03376196645861,-0.7747082425452175,0.3306491035588002,-1.3297838938224205,-0.9386082270286185,-1.1704144860013304,-0.18670735526221013
487,-2.4823962922747858,0.0,-0.7405922986760082,-1.7530888923158325,-1.4408927094674988,-0.8256729177909761,-1.690379128545844,-0.06602947605438969,-0.2639440667965426,-1.1847990670185344
488,9.844195892997677,1.0,0.7475429693798082,0.5786920523559268,-1.9646469687588333,0.8410846868664603,0.2511712777782658,-1.0737826482347494,0.8673193442961424,0.8843965770322811
489,6.678826884013564,1.0,-0.7152515861181277,0.4421601747142185,0.6670962280438392,0.3819953683504007,-0.203506548097423,0.5521704017277576,0.3105123330318299,0.05482391336112085
490,6.991888995904,1.0,1.122441176418398,1.0933330405748372,0.33273086678967717,-0.2974333411599584,0.6828349525956842,0.4459597317726397,0.1472393938733847,-0.5693223736479422
491,6.092350722281304,1.0,1.2127343267736057,0.19038438974988803,0.6712394627861066,0.9954343112110047,1.0096955503619809,0.26244571553765567,1.3839888123375372,0.25387475619358035
492,-0.22388135672951517,0.0,1.4839571029551875,0.17272072573988925,0.33278936214447075,0.31174238304930113,0.12200437260761987,-0.4685205283652782,1.1138600662684202,1.1714789621552055
493,0.10327279312434891,0.0,-0.1572429745782405,0.3942812188475341,-0.5888804029359519,-2.3480010430972493,-0.016039405812737436,0.3184640827587832,0.04527267040970906,-1.0999984042447033
494,-1.5980723336707867,0.0,1.6114308717298955,-0.5554251585401067,1.2289710636975986,1.9463360875554687,0.26486916341612576,-0.4053936806076059,1.7611762640551358,1.1078468466880835
495,-0.10063897087993477,0.0,-0.17714241365031158,0.49302076876885687,-0.47722330911093325,-0.008641777395178057,0.020823381931520862,-0.5254594549349204,0.7427217723310034,-0.23619191617737295
496,-0.8020816820780311,0.0,-0.8619617122819755,-0.5363040126353515,0.3692456999001461,0.628745360216013,0.10442566632091436,0.4967646072911394,-0.1464231735967363,-0.1150016508715996
497,-0.43252118717286814,0.0,-0.6956704337345117,0.5947502765216891,-0.6660918533639868,-1.0963961389334835,-0.4618836836463671,-0.8472848712877024,0.3084742349073563,1.0150509454222927
498,8.622155046720305,1.0,1.9637565766713163,1.3664466401798214,1.7225032900313157,1.9572733934493898,1.030907273550968,1.4995871577054978,1.4463055482300473,0.8143546783987821
499,0.6468081010769483,0.0,0.4486103957622425,-0.2693179268257822,0.07382741084815062,1.0639924186223648,0.844877138915976,0.5800447827875936,-0.3143046735729323,0.4680988514375659
